image,formula
81-1312-200924.png,0
1698881946969636953.png,0
rM3DfB510.png,0
em_UN_103_56.png,0
1698881946969702936.png,0
133-947-200922.png,0
949-200922-269.png,0
1698881946969752685.png,0
em_UN_115_317.png,0
4D4B3Mr0f.png,0
equation063-formulaire026.png,0
5_sub_7_TrainData1.png,0
equation033-formulaire005.png,0
200922-137-949.png,0
leo_101.png,0
1698881946969878453.png,0
equation032-formulaire026.png,0
90BrMDf70.png,0
131-27-200926.png,0
TrainData1_sub_1_6.png,0
1698881946969958832.png,0
sub_73_15_TrainData2.png,0
322_em_121.png,0
2_TrainData1_sub_28.png,0
263-200922-949.png,0
120_288_em.png,0
Df36M0B6r.png,0
232-200926-1617.png,0
949-140-200922.png,0
947-200922-19.png,0
1550-49-200926.png,0
equation0012-001.png,0
65_sub_6_KME2G3.png,0
sub_TrainData2_71_10.png,0
TrainData2_13_3_sub.png,0
122-1126-200925.png,0
125_114_em.png,0
danilo_94.png,0
r911fMDB1.png,0
em_60_506.png,0
13-200923-1553.png,0
Bf371MrD7.png,0
M17BfrD30.png,0
1698881946970306245.png,0
156-947-200922.png,0
1254-200923-4.png,0
16-200923-1556.png,0
equation036-formulaire027.png,0
1698881946970377642.png,0
sub_TrainData2_25_46.png,0
equation065-formulaire011.png,0
5r94B3MDf.png,0
272-1254-200923.png,0
1698881946970454874.png,0
equation052-formulaire028.png,0
equation046-formulaire004.png,0
1698881946970496183.png,0
Nina_70.png,0
32rf7BDM2.png,0
76M7Dr1fB.png,0
f27M4D8Br.png,0
78-2009213-139.png,0
em_117_204.png,0
D76Br8f0M.png,0
139-224-2009213.png,0
642_em_452_UN.png,0
10_sub_38_KME2G3.png,0
1698881946970680858.png,0
55rf2MD1B.png,0
1698881946970714746.png,0
equation047-formulaire037.png,0
UN_804_459_em.png,0
r41DfBM65.png,0
1698881946970776793.png,0
1698881946970791501.png,0
1253-200923-227.png,0
1698881946970821633.png,0
B17rM7f8D.png,0
1698881946970854455.png,0
equation009-formulaire018.png,0
947-2009210-35.png,0
M1Bf410rD.png,0
7Mr18fBD1.png,0
1556-200923-203.png,0
49-2009212-952.png,0
34-200923-1254.png,0
1698881946970976971.png,0
equation061-formulaire028.png,0
43-1251-200923.png,0
952-16-2009212.png,0
60fM3DBr0.png,0
M120D9frB.png,0
1698881946971072531.png,0
1553-200923-80.png,0
equation072-formulaire007.png,0
Dfr45MB61.png,0
117-947-200922.png,0
118_217_em.png,0
1698881946971162992.png,0
em_UN_678_454.png,0
user0_65.png,0
137-114-2009213.png,0
1698881946971222898.png,0
950_465_UN_em.png,0
KME1G3_4_24_sub.png,0
TrainData2_sub_61_23.png,0
221-1253-200923.png,0
1698881946971297679.png,0
UN_451_624_em.png,0
r72BMf2D4.png,0
6fr2MBD20.png,0
TrainData2_sub_33_14.png,0
205_117_em.png,0
1698881946971396958.png,0
sub_8_KME2G3_96.png,0
33_104_em.png,0
1553-0-200923.png,0
200923-38-1251.png,0
2014_RIT_68.png,0
1698881946971488587.png,0
63-1312-200924.png,0
1698881946971517422.png,0
1698881946971532231.png,0
132-947-2009210.png,0
7-2009213-137.png,0
1698881946971574944.png,0
mijail_131.png,0
15_18_em.png,0
carlos_131.png,0
5M61r1DfB.png,0
0rfDM150B.png,0
1556-200923-76.png,0
455_126_em.png,0
986_466_UN_em.png,0
fBr60M3D8.png,0
equation029-formulaire053.png,0
1698881946971745943.png,0
1698881946971760814.png,0
em_UN_102_41.png,0
116_em_330_UN.png,0
1698881946971803745.png,0
em_102_27.png,0
B0DfM33r7.png,0
em_1062_130_UN.png,0
sub_39_9_TrainData2.png,0
UN_166_107_em.png,0
226-200923-1253.png,0
223-1556-200923.png,0
122_em_478_UN.png,0
em_118_UN_385.png,0
2_42130_rit.png,0
111_em_UN_253.png,0
1M5fD3Br5.png,0
UN_em_767_457.png,0
22_sub_KME2G3_21.png,0
equation071-formulaire019.png,0
1698881946972039157.png,0
1116_UN_133_em.png,0
01BD6fr1M.png,0
B3MfDr902.png,0
1M0rD3f1B.png,0
1698881946972121780.png,0
equation046-formulaire033.png,0
33-139-2009213.png,0
1698881946972164843.png,0
M251fDBr9.png,0
sub_KME2G3_2_96.png,0
9r0Df41MB.png,0
39-2009212-952.png,0
104_em_UN_89.png,0
19_sub_TrainData2_9.png,0
Mr1B9D8f6.png,0
1698881946972289999.png,0
8BfrMD116.png,0
200923-227-1556.png,0
19_em_501.png,0
1331-200924-201.png,0
55-1327-2009220.png,0
237-1312-200924.png,0
equation027-formulaire021.png,0
1698881946972408681.png,0
1698881946972423303.png,0
1698881946972438045.png,0
949-200922-10.png,0
58-200925-1126.png,0
1698881946972480605.png,0
131-200923-253.png,0
0BD0fr19M.png,0
1698881946972527093.png,0
1698881946972541462.png,0
1698881946972556195.png,0
1698881946972570530.png,0
240_RIT_2014.png,0
1312-95-200924.png,0
equation057-formulaire022.png,0
equation066-formulaire032.png,0
1698881946972645558.png,0
MrD1f0B34.png,0
equation043-formulaire031.png,0
1698881946972692246.png,0
1698881946972706809.png,0
equation017-formulaire009.png,0
35_20_em.png,0
176-200922-949.png,0
947-64-2009210.png,0
2fMBr823D.png,0
1698881946972796073.png,0
532_em_UN_124.png,0
equation024-formulaire010.png,0
9fB22DrM0.png,0
1698881946972856108.png,0
1698881946972870288.png,0
equation053-formulaire024.png,0
leo_124.png,0
carlos_96.png,0
equation002-formulaire026.png,0
equation012-formulaire023.png,0
1553-43-200923.png,0
1698881946972965404.png,0
1254-60-200923.png,0
r0DMf89B2.png,0
1698881946973011264.png,0
1698881946973024862.png,0
200924-144-1312.png,0
237_em_34.png,0
200923-140-1254.png,0
947-7-2009210.png,0
146-200923-1251.png,0
em_197_117.png,0
0r5B0MD0f.png,0
3B6fr7MD0.png,0
1698881946973157283.png,0
1698881946973172760.png,0
sub_KME1G3_7_22.png,0
equation003-formulaire049.png,0
equation044-formulaire027.png,0
1698881946973229255.png,0
949-191-200922.png,0
em_194_31.png,0
1327-83-2009220.png,0
equation029-formulaire009.png,0
1698881946973298613.png,0
122_UN_482_em.png,0
1698881946973327791.png,0
em_363_123.png,0
4_sub_81_KME2G3.png,0
470_126_em.png,0
herbert_79.png,0
2009213-64-137.png,0
1617-200926-150.png,0
200925-157-1126.png,0
sub_28_65_KME2G3.png,0
126-1254-200923.png,0
200926-43-131.png,0
139-43-2009213.png,0
137-177-2009213.png,0
248_RIT_2014.png,0
200923-179-1254.png,0
1B496rDfM.png,0
equation003-formulaire008.png,0
51_505_em.png,0
22_sub_KME1G3_10.png,0
em_187_108_UN.png,0
em_304_121.png,0
200926-103-1550.png,0
1253-82-200923.png,0
em_30_5.png,0
186-1251-200923.png,0
70_sub_9_KME2G3.png,0
273-1312-200924.png,0
134-200925-1126.png,0
20_12_TrainData2_sub.png,0
124_UN_em_534.png,0
rBf082D6M.png,0
158_RIT_2014.png,0
UN_458_790_em.png,0
TrainData2_43_sub_2.png,0
equation066-formulaire020.png,0
250D9BfrM.png,0
1698881946974001236.png,0
350DrMBf2.png,0
UN_463_913_em.png,0
1M85Drf4B.png,0
1698881946974066310.png,0
em_456_749_UN.png,0
equation072-formulaire021.png,0
em_18_0.png,0
32_211_em.png,0
equation046-formulaire032.png,0
equation023-formulaire021.png,0
1698881946974167749.png,0
8BfM4D2r7.png,0
292_113_em_UN.png,0
em_126_574_UN.png,0
1698881946974228380.png,0
227_118_em.png,0
80-1253-200923.png,0
carlos_92.png,0
1698881946974282997.png,0
79fB4rD1M.png,0
13-200923-1254.png,0
230_118_em.png,0
200924-219-1312.png,0
em_93_UN_104.png,0
272-200923-1253.png,0
7fM718DrB.png,0
1698881946974400224.png,0
2f1D36MrB.png,0
1553-168-200923.png,0
equation001-formulaire006.png,0
1D4f12rBM.png,0
1698881946974477389.png,0
177-131-200926.png,0
1254-354-200923.png,0
equation022-formulaire011.png,0
96_em_104_UN.png,0
2r0DfM54B.png,0
KME2G3_95_26_sub.png,0
947-147-2009210.png,0
em_17_101_UN.png,0
1698881946974607891.png,0
equation072-formulaire009.png,0
114_27_em.png,0
22_4_sub_KME1G3.png,0
em_UN_1049_129.png,0
20_TrainData2_5_sub.png,0
132_UN_em_1100.png,0
1698881946974712631.png,0
16-2009212-1031.png,0
em_500_127.png,0
equation020-formulaire031.png,0
1698881946974775528.png,0
6MBfr2D27.png,0
1698881946974810971.png,0
equation022-formulaire036.png,0
equation072-formulaire028.png,0
48_em_20.png,0
1698881946974866798.png,0
205-2009210-947.png,0
48-200923-1253.png,0
sub_28_KME2G3_30.png,0
137-2009213-26.png,0
1698881946974938288.png,0
sub_KME2G3_74_27.png,0
8_em_502.png,0
B14MD3fr6.png,0
1698881946974999616.png,0
equation072-formulaire013.png,0
180-200923-1553.png,0
41_TrainData2_sub_11.png,0
1553-202-200923.png,0
1698881946975071814.png,0
15_38_KME2G3_sub.png,0
579_126_em_UN.png,0
equation034-formulaire020.png,0
1698881946975132818.png,0
137-59-2009213.png,0
25_37_em.png,0
equation074-formulaire039.png,0
3Bf36DMr0.png,0
61-952-2009212.png,0
equation033-formulaire014.png,0
842_460_em_UN.png,0
200923-315-1254.png,0
161_29_em.png,0
1698881946975280528.png,0
1698881946975296084.png,0
equation037-formulaire038.png,0
equation014-formulaire009.png,0
204-200924-1331.png,0
1Br2D4M4f.png,0
1698881946975367728.png,0
2M85D0rfB.png,0
3rMD8B13f.png,0
173-200923-131.png,0
29_26_sub_TrainData2.png,0
32-200924-1312.png,0
1698881946975457223.png,0
equation018-formulaire034.png,0
equation017-formulaire012.png,0
1DM3rf1B2.png,0
202-200923-131.png,0
UN_456_746_em.png,0
3MB3D3fr2.png,0
equation000-formulaire020.png,0
equation002-formulaire031.png,0
274_511_em.png,0
200923-17-1253.png,0
equation038-formulaire035.png,0
TrainData2_25_11_sub.png,0
1254-337-200923.png,0
user0_93.png,0
em_27_105.png,0
equation015-formulaire006.png,0
4275_2_rit.png,0
16_TrainData2_sub_43.png,0
1556-200923-202.png,0
Dr80MB5f7.png,0
388_em_123.png,0
9M86DfBr2.png,0
1698881946975797488.png,0
em_UN_108_196.png,0
200922-61-947.png,0
1698881946975841568.png,0
equation056-formulaire020.png,0
1698881946975869567.png,0
96_sub_KME2G3_7.png,0
equation055-formulaire037.png,0
1254-21-200923.png,0
417_em_518.png,0
danilo_101.png,0
em_233_118.png,0
291-200924-1331.png,0
4230_rit_0.png,0
1698881946975995075.png,0
equation059-formulaire004.png,0
6_sub_15_TrainData2.png,0
sub_24_35_KME2G3.png,0
equation038-formulaire013.png,0
equation044-formulaire001.png,0
equation006-formulaire006.png,0
131-200926-32.png,0
53_em_505.png,0
D8rMf325B.png,0
1027_129_em_UN.png,0
em_458_UN_781.png,0
1698881946976171659.png,0
1698881946976186578.png,0
1698881946976200881.png,0
81-200923-131.png,0
1017-200922-86.png,0
398_UN_119_em.png,0
em_117_190.png,0
17_sub_11_TrainData2.png,0
308_2014_RIT.png,0
1MfD378rB.png,0
115-1254-200923.png,0
equation044-formulaire002.png,0
UN_em_116_342.png,0
201_em_UN_109.png,0
equation006-002.png,0
KME1G3_sub_4_25.png,0
1698881946976402838.png,0
43-200923-1253.png,0
sub_17_TrainData2_4.png,0
1331-200924-264.png,0
95_KME2G3_sub_27.png,0
1698881946976475004.png,0
3DBrf437M.png,0
200922-42-949.png,0
126-1553-200923.png,0
r85DM1Bf2.png,0
em_27_113.png,0
equation046-formulaire007.png,0
r8DM3f9B1.png,0
em_126_458.png,0
1M42f6BDr.png,0
rit_2_4270.png,0
equation073-formulaire027.png,0
Fabricio_130.png,0
19_sub_28_KME2G3.png,0
2014_RIT_53.png,0
1698881946976705360.png,0
420b_0_rit.png,0
1MD1r05Bf.png,0
rfD8143MB.png,0
1698881946976768044.png,0
KME2G3_61_sub_1.png,0
1617-105-200926.png,0
102_UN_em_28.png,0
298_em_120.png,0
fB10MD7r8.png,0
1312-200924-284.png,0
UN_461_853_em.png,0
equation045-formulaire056.png,0
1698881946976898269.png,0
137-143-2009213.png,0
M42fD1B9r.png,0
1698881946976943100.png,0
em_106_112.png,0
105_65_em.png,0
D7f4M2B4r.png,0
107-200923-1251.png,0
315_em_121.png,0
0f3B0D6rM.png,0
949-183-200922.png,0
37_20_em.png,0
11_sub_26_TrainData2.png,0
user0_80.png,0
457_em_UN_773.png,0
1698881946977115495.png,0
equation057-formulaire049.png,0
em_31_184.png,0
85-1126-200925.png,0
1017-47-200922.png,0
106_em_UN_134.png,0
UN_1088_131_em.png,0
1698881946977208191.png,0
fM725DrB9.png,0
128_UN_em_1005.png,0
em_105_78.png,0
666DfBMr1.png,0
equation016-formulaire037.png,0
1698881946977299914.png,0
1_KME2G3_26_sub.png,0
285-1553-200923.png,0
2014_31_RIT.png,0
31DrBfM31.png,0
101-1031-2009212.png,0
1698881946977385507.png,0
r2BfDM414.png,0
2014_192_RIT.png,0
carlos_101.png,0
equation028-formulaire041.png,0
rM0f10D1B.png,0
D9524rfMB.png,0
equation034-formulaire007.png,0
equation031-formulaire038.png,0
M71B2fD6r.png,0
equation042-formulaire021.png,0
13_sub_TrainData2_88.png,0
1698881946977560968.png,0
125-200923-1553.png,0
68-200922-947.png,0
jorge_91.png,0
Fabricio_85.png,0
UN_109_202_em.png,0
21_35_em.png,0
equation058-formulaire001.png,0
KME2G3_53_8_sub.png,0
rD1MfB929.png,0
31_181_em.png,0
61-200923-131.png,0
114-1253-200923.png,0
em_UN_1023_128.png,0
1698881946977758691.png,0
1698881946977772508.png,0
122_336_em.png,0
sub_16_TrainData2_51.png,0
1698881946977813370.png,0
equation000-formulaire035.png,0
1698881946977840159.png,0
1698881946977854473.png,0
1331-154-200924.png,0
200926-78-1550.png,0
459_em_126.png,0
D82fBr00M.png,0
1698881946977924371.png,0
508_81_em.png,0
1698881946977950672.png,0
1031-2009212-17.png,0
1698881946977978006.png,0
1698881946977991553.png,0
200924-254-1312.png,0
34fMr22BD.png,0
200922-110-949.png,0
1698881946978048862.png,0
em_36_27.png,0
1698881946978076363.png,0
162-139-2009213.png,0
639_em_UN_452.png,0
103_18_em.png,0
1698881946978130485.png,0
f23M5BD6r.png,0
200923-24-1553.png,0
947-78-2009210.png,0
r1DMf5B28.png,0
UN_em_939_464.png,0
1698881946978218466.png,0
173_em_116.png,0
herbert_82.png,0
051r2BfMD.png,0
29_37_em.png,0
sub_6_KME2G3_15.png,0
em_153_29.png,0
330_514_em.png,0
equation032-formulaire022.png,0
RIT_80_2014.png,0
1698881946978358315.png,0
equation020-formulaire036.png,0
1331-200924-151.png,0
maira_79.png,0
em_26_85.png,0
1698881946978425848.png,0
sub_21_KME1G3_0.png,0
DB81fr2M1.png,0
1698881946978470797.png,0
200924-30-1331.png,0
em_27_111.png,0
equation028-formulaire036.png,0
KME2G3_16_35_sub.png,0
2f3B9MrD8.png,0
1698881946978560987.png,0
116_2014_RIT.png,0
f43BrM21D.png,0
46_TrainData2_sub_20.png,0
sub_TrainData2_16_17.png,0
77_507_em.png,0
1698881946978793763.png,0
517_408_em.png,0
equation023-formulaire006.png,0
1698881946978834024.png,0
54_104_em.png,0
18-200925-1126.png,0
1698881946978875322.png,0
M27rBDf30.png,0
1556-200923-24.png,0
949-200922-210.png,0
em_906_UN_463.png,0
f2BD4M38r.png,0
16_0_sub_KME1G3.png,0
9MBfr12D2.png,0
alfonso_93.png,0
equation004-formulaire010.png,0
DrM28Bf12.png,0
1698881946979041837.png,0
10MB3r1fD.png,0
B2Df43rM8.png,0
4_rit_4245.png,0
em_689_UN_454.png,0
5frMD2B15.png,0
1108_UN_132_em.png,0
UN_892_462_em.png,0
Bf1620MDr.png,0
947-43-200922.png,0
77Mr91BfD.png,0
1698881946979211230.png,0
em_179_108_UN.png,0
UN_em_878_462.png,0
em_833_UN_460.png,0
137-172-2009213.png,0
Fabricio_108.png,0
1017-19-200922.png,0
43-2009212-1031.png,0
200922-51-1017.png,0
Frank_131.png,0
1698881946979347786.png,0
93_RIT_2014.png,0
2009210-65-947.png,0
1698881946979389025.png,0
1698881946979403371.png,0
equation026-formulaire044.png,0
1553-30-200923.png,0
222-1553-200923.png,0
1698881946979457603.png,0
947-155-200922.png,0
879_em_UN_462.png,0
1698881946979499913.png,0
7fD4B23rM.png,0
200924-137-1331.png,0
1698881946979555682.png,0
9D1BfM75r.png,0
293-200923-1254.png,0
rBM2892Df.png,0
em_29_155.png,0
8-1556-200923.png,0
340_122_em.png,0
sub_24_TrainData2_41.png,0
equation048-formulaire037.png,0
1617-200926-114.png,0
equation016-formulaire033.png,0
equation028-formulaire039.png,0
1698881946979732555.png,0
1698881946979747151.png,0
13_sub_TrainData2_6.png,0
equation055-formulaire016.png,0
2198DfrMB.png,0
4_28_sub_KME1G3.png,0
equation002-formulaire027.png,0
522_128_em.png,0
equation019-formulaire026.png,0
herbert_73.png,0
1698881946979871229.png,0
1698881946979885670.png,0
4-949-200922.png,0
1698881946979912720.png,0
254-200923-1553.png,0
1698881946979939648.png,0
200923-170-1553.png,0
947-200922-215.png,0
equation072-formulaire017.png,0
1_37_em.png,0
em_UN_101_5.png,0
13_74_KME2G3_sub.png,0
f33MrD61B.png,0
em_235_110_UN.png,0
equation061-formulaire026.png,0
139-2009213-206.png,0
131-239-200926.png,0
63_UN_em_103.png,0
1698881946980117792.png,0
equation065-formulaire015.png,0
1556-200923-65.png,0
503_em_127.png,0
83-131-200923.png,0
equation070-formulaire020.png,0
1331-200924-136.png,0
1698881946980209946.png,0
123_493_em_UN.png,0
121_319_em.png,0
1331-200924-126.png,0
1698881946980263643.png,0
26_90_em.png,0
187_117_em.png,0
1698881946980304314.png,0
1698881946980318286.png,0
1312-200924-239.png,0
UN_em_103_60.png,0
458_787_em_UN.png,0
equation002-formulaire025.png,0
equation005-formulaire057.png,0
leissi_90.png,0
sub_10_13_TrainData2.png,0
1126-51-200925.png,0
1698881946980443381.png,0
1698881946980457799.png,0
1698881946980471822.png,0
200923-250-1253.png,0
281DBMr7f.png,0
200923-7-1556.png,0
em_129_UN_1038.png,0
2009212-51-952.png,0
RIT_34_2014.png,0
771rBD2Mf.png,0
equation041-formulaire006.png,0
fB54D3M0r.png,0
em_125_438.png,0
em_806_459_UN.png,0
equation032-formulaire009.png,0
1698881946980666184.png,0
75-200924-1312.png,0
sub_53_9_KME2G3.png,0
1698881946980709529.png,0
TrainData2_71_sub_18.png,0
em_176_31.png,0
1698881946980753409.png,0
em_457_UN_752.png,0
UN_783_em_458.png,0
1017-0-200922.png,0
KME2G3_14_sub_7.png,0
equation065-formulaire039.png,0
equation025-formulaire012.png,0
em_UN_461_872.png,0
1698881946980863648.png,0
1698881946980877573.png,0
1698881946980892413.png,0
1698881946980906548.png,0
equation000-formulaire028.png,0
147_2014_RIT.png,0
190-200923-131.png,0
0DMf16rB0.png,0
equation005-formulaire025.png,0
em_543_129.png,0
1312-200924-297.png,0
equation068-formulaire039.png,0
114_UN_296_em.png,0
1698881946981042720.png,0
6_28_sub_KME1G3.png,0
1698881946981070722.png,0
1253-200923-156.png,0
2009210-162-947.png,0
17_KME2G3_sub_30.png,0
1698881946981125549.png,0
123_386_em.png,0
2014_RIT_45.png,0
sub_6_3_KME2G3.png,0
62-1312-200924.png,0
1698881946981193289.png,0
1698881946981208411.png,0
18_sub_TrainData2_46.png,0
1698881946981237471.png,0
459_em_UN_820.png,0
126-200926-1550.png,0
equation074-formulaire032.png,0
em_908_463_UN.png,0
118_387_em_UN.png,0
equation032-formulaire014.png,0
equation074-formulaire035.png,0
1_rit_42100.png,0
caue_92.png,0
1698881946981376813.png,0
1698881946981390917.png,0
1698881946981404998.png,0
equation016-formulaire023.png,0
rosario_73.png,0
equation045-formulaire009.png,0
189-131-200926.png,0
equation063-formulaire045.png,0
1698881946981486068.png,0
0_42190_rit.png,0
equation024-formulaire005.png,0
sub_16_26_KME2G3.png,0
f7BMr032D.png,0
14-200922-947.png,0
MD342rB1f.png,0
1698881946981590730.png,0
1698881946981605059.png,0
D18f6MBr0.png,0
172_29_em.png,0
36-200925-1126.png,0
203_em_32.png,0
1698881946981682698.png,0
UN_em_199_108.png,0
1698881946981712264.png,0
equation036-formulaire018.png,0
2B4fMr00D.png,0
1698881946981757749.png,0
2BD2M0fr8.png,0
5-200922-947.png,0
sub_22_KME2G3_13.png,0
27_sub_22_KME2G3.png,0
76_26_em.png,0
Mr22B8Df8.png,0
344_em_122.png,0
134_em_1149_UN.png,0
172-131-200923.png,0
em_589_UN_127.png,0
2rB031fDM.png,0
1698881946982144257.png,0
em_12_35.png,0
200923-161-1556.png,0
1698881946982185449.png,0
00rD25fMB.png,0
f7MDBr029.png,0
1698881946982232674.png,0
200922-235-949.png,0
UN_868_461_em.png,0
962_465_UN_em.png,0
em_UN_914_463.png,0
200926-226-1617.png,0
115_em_27.png,0
1698881946982328029.png,0
4_rit_42105.png,0
equation070-formulaire025.png,0
1698881946982367890.png,0
leo_130.png,0
36_41_em.png,0
116_UN_320_em.png,0
36-200926-131.png,0
1017-74-200922.png,0
66_em_105.png,0
65rM1BfD5.png,0
sub_9_TrainData2_2.png,0
em_23_51.png,0
1698881946982506293.png,0
2014_RIT_191.png,0
1698881946982533363.png,0
1698881946982547748.png,0
5D1f8MB2r.png,0
1251-234-200923.png,0
1Dr5BMf72.png,0
equation020-formulaire029.png,0
1698881946982634725.png,0
em_518_432.png,0
1254-220-200923.png,0
1698881946982675657.png,0
MB3rfD704.png,0
1698881946982706522.png,0
equation009-formulaire028.png,0
308_UN_114_em.png,0
137-189-2009213.png,0
M0fDr91B3.png,0
1698881946982780168.png,0
equation062-formulaire028.png,0
9r95B1DfM.png,0
equation013-formulaire038.png,0
1698881946982836437.png,0
1550-14-200926.png,0
2014_193_RIT.png,0
1698881946982876396.png,0
MD53Bf2r2.png,0
38_KME2G3_23_sub.png,0
KME2G3_14_22_sub.png,0
sub_41_7_TrainData2.png,0
37_23_em.png,0
665_UN_453_em.png,0
1327-2009220-6.png,0
equation048-formulaire027.png,0
sub_2_TrainData2_95.png,0
244_em_118.png,0
1698881946983031233.png,0
em_343_514.png,0
herbert_93.png,0
em_369_123.png,0
1698881946983085639.png,0
108_181_em_UN.png,0
daniel_89.png,0
203_2014_RIT.png,0
1698881946983141560.png,0
947-2009210-135.png,0
1698881946983168871.png,0
949-200922-63.png,0
34_245_em.png,0
1698881946983210986.png,0
1698881946983225169.png,0
1698881946983239161.png,0
sub_81_22_KME2G3.png,0
83-200923-1556.png,0
124-200923-131.png,0
r69Mf2DB6.png,0
5MBf2D05r.png,0
equation022-formulaire025.png,0
0DrB00f2M.png,0
1698881946983359314.png,0
2Mr14fDB4.png,0
equation038-formulaire026.png,0
1698881946983404162.png,0
1698881946983419154.png,0
1698881946983434160.png,0
1698881946983447737.png,0
077BMf2Dr.png,0
121_466_em_UN.png,0
1698881946983492829.png,0
200924-143-1312.png,0
74-1556-200923.png,0
1698881946983534074.png,0
93-949-200922.png,0
0fDM3rB05.png,0
1698881946983578683.png,0
9_KME1G3_20_sub.png,0
UN_776_458_em.png,0
1698881946983630963.png,0
carlos_81.png,0
1698881946983658778.png,0
3Mr2fBD94.png,0
1698881946983689535.png,0
909_463_em_UN.png,0
290_UN_em_113.png,0
1698881946983730638.png,0
1698881946983744643.png,0
2009213-16-139.png,0
1698881946983772104.png,0
1698881946983908590.png,0
200923-285-1251.png,0
equation068-formulaire041.png,0
199-2009213-139.png,0
947-175-200922.png,0
M2Dr4B22f.png,0
equation022-formulaire023.png,0
516_382_em.png,0
9-200922-949.png,0
81_20_sub_KME2G3.png,0
MfrB0720D.png,0
1698881946984070403.png,0
KME1G3_28_2_sub.png,0
equation039-formulaire032.png,0
em_127_594_UN.png,0
78-137-2009213.png,0
452_em_UN_636.png,0
131-200923-43.png,0
0_39_sub_TrainData2.png,0
131-249-200923.png,0
equation027-formulaire038.png,0
david_91.png,0
1_rit_4210.png,0
sub_TrainData1_9_4.png,0
KME2G3_4_38_sub.png,0
131-200923-148.png,0
26_75_em.png,0
0MBrD1f34.png,0
edwin_129.png,0
1698881982877873688.png,0
1698881982877893269.png,0
132_em_UN_1111.png,0
139-95-2009213.png,0
equation058-formulaire024.png,0
00B9DrMf1.png,0
1617-200926-47.png,0
431_125_em.png,0
em_261_UN_111.png,0
1698881982878039325.png,0
UN_em_334_116.png,0
48-137-2009213.png,0
sub_9_29_TrainData2.png,0
1698881982878109716.png,0
UN_540_em_124.png,0
equation013-formulaire017.png,0
rD1B51Mf6.png,0
0D5Brf61M.png,0
1698881982878207480.png,0
1698881982878225917.png,0
26D7frMB3.png,0
TrainData1_sub_9_3.png,0
sub_20_KME1G3_8.png,0
1253-200923-83.png,0
765_em_457_UN.png,0
em_47_102_UN.png,0
equation058-formulaire050.png,0
f2M21B3Dr.png,0
sub_KME1G3_4_21.png,0
18_33_TrainData2_sub.png,0
1698881982878418044.png,0
1698881982878435228.png,0
204-947-2009210.png,0
em_75_507.png,0
D2BMf36r2.png,0
r2D9f6BM5.png,0
1253-200923-183.png,0
1698881982878540983.png,0
1698881982878558042.png,0
equation061-formulaire015.png,0
B01fMDr25.png,0
RIT_18_2014.png,0
equation036-formulaire034.png,0
sub_26_11_KME2G3.png,0
9820MrfBD.png,0
1698881982878684900.png,0
41-200923-1556.png,0
equation026-formulaire012.png,0
933_UN_em_464.png,0
KME2G3_35_11_sub.png,0
25Br1Mf7D.png,0
UN_165_em_107.png,0
equation063-formulaire008.png,0
423_em_518.png,0
1698881982878817997.png,0
fB3229MDr.png,0
115_156_em.png,0
1698881982878864182.png,0
2f71MrDB4.png,0
288-200924-1312.png,0
sub_33_10_TrainData2.png,0
TrainData2_41_sub_14.png,0
54-952-2009212.png,0
306_121_em.png,0
10_KME1G3_12_sub.png,0
95_sub_11_TrainData2.png,0
1698881982878996309.png,0
12_37_em.png,0
32M1rD4Bf.png,0
em_212_32.png,0
515_370_em.png,0
107_UN_153_em.png,0
KME1G3_29_3_sub.png,0
1698881982879095862.png,0
17_TrainData2_13_sub.png,0
106_136_UN_em.png,0
equation017-formulaire027.png,0
7_sub_KME2G3_26.png,0
UN_em_455_722.png,0
equation035-formulaire015.png,0
47-949-200922.png,0
216-2009210-947.png,0
88-1251-200923.png,0
UN_686_em_454.png,0
em_UN_111_263.png,0
1254-200923-2.png,0
593_em_127_UN.png,0
15_KME2G3_sub_3.png,0
equation071-formulaire013.png,0
sub_3_TrainData2_17.png,0
1698881982879334942.png,0
1698881982879348792.png,0
3B153DMrf.png,0
Df12M3r5B.png,0
233_2014_RIT.png,0
130-200922-1017.png,0
131-122-200926.png,0
equation026-formulaire024.png,0
200924-129-1312.png,0
1698881982879459331.png,0
200923-361-131.png,0
947-2009210-218.png,0
em_179_116.png,0
221-1556-200923.png,0
3B2frMD53.png,0
f18DB3rM0.png,0
1617-130-200926.png,0
2009220-13-1327.png,0
0_sub_65_KME2G3.png,0
1_TrainData1_0_sub.png,0
equation054-formulaire037.png,0
8B2DMf46r.png,0
equation043-formulaire023.png,0
1698881982879659271.png,0
4B8D13rfM.png,0
26_sub_10_KME2G3.png,0
equation074-formulaire030.png,0
em_126_570_UN.png,0
edwin_131.png,0
1698881982879744059.png,0
rD832MBf2.png,0
1698881982879774563.png,0
equation007-formulaire012.png,0
1698881982879800736.png,0
61_sub_8_TrainData2.png,0
272_RIT_2014.png,0
130-2009213-137.png,0
103_15_em.png,0
117_203_em.png,0
353_em_515.png,0
1698881982879892108.png,0
DBr3430fM.png,0
equation071-formulaire041.png,0
equation017-formulaire018.png,0
36_em_104.png,0
62-200926-1550.png,0
fB9DrM045.png,0
M4522rBfD.png,0
em_130_1056_UN.png,0
188_2014_RIT.png,0
1698881982880032018.png,0
equation022-formulaire026.png,0
1331-200924-251.png,0
200923-288-1253.png,0
30_sub_KME2G3_12.png,0
1698881982880102920.png,0
2014_65_RIT.png,0
302-200923-131.png,0
1698881982880143327.png,0
alfonso_70.png,0
14_TrainData2_73_sub.png,0
em_108_UN_180.png,0
79-2009212-952.png,0
miguel_131.png,0
1698881982880220813.png,0
equation030-formulaire031.png,0
MrB007fD4.png,0
947-200922-37.png,0
61_sub_TrainData2_14.png,0
32-2009220-1327.png,0
03r3MDf1B.png,0
392_em_516.png,0
D1M98rB6f.png,0
em_121_447_UN.png,0
sub_KME2G3_96_20.png,0
KME2G3_30_22_sub.png,0
KME2G3_30_20_sub.png,0
equation015-formulaire001.png,0
137-2009213-3.png,0
caue_80.png,0
1331-200924-259.png,0
KME2G3_22_7_sub.png,0
335-131-200923.png,0
equation072-formulaire014.png,0
2014_RIT_312.png,0
955_UN_465_em.png,0
8rf55DMB1.png,0
1698881982880534794.png,0
1014_em_UN_128.png,0
1698881982880562636.png,0
200923-105-1253.png,0
em_111_250_UN.png,0
947-200922-134.png,0
equation026-formulaire042.png,0
1698881982880634190.png,0
2_TrainData2_sub_46.png,0
200924-1-1331.png,0
KME2G3_20_35_sub.png,0
em_416_518.png,0
137-2009213-242.png,0
1698881982880714601.png,0
em_510_105.png,0
1698881982880740471.png,0
em_35_504.png,0
equation015-formulaire021.png,0
leissi_101.png,0
Mfr2442BD.png,0
f1039MrDB.png,0
1698881982880825041.png,0
1556-220-200923.png,0
109_214_em_UN.png,0
1698881982880865558.png,0
7Bf15rD8M.png,0
equation073-formulaire021.png,0
342_em_514.png,0
1698881982880919671.png,0
UN_608_em_451.png,0
TrainData2_sub_15_13.png,0
131-200926-135.png,0
1698881982880972426.png,0
270-1312-200924.png,0
14_TrainData2_71_sub.png,0
1698881982881019082.png,0
125_447_em.png,0
151-1031-2009212.png,0
389BMfr4D.png,0
equation009-formulaire011.png,0
96_em_106.png,0
158_UN_107_em.png,0
3_TrainData2_sub_95.png,0
105_109_em_UN.png,0
19D4M1rfB.png,0
1698881982881157594.png,0
1698881982881171040.png,0
58_em_104.png,0
em_239_118.png,0
rosario_129.png,0
7rB14f3DM.png,0
200923-108-131.png,0
200923-54-1556.png,0
119_em_UN_413.png,0
952-27-2009212.png,0
240-200922-949.png,0
200923-378-1254.png,0
1135_UN_133_em.png,0
UN_em_121_460.png,0
4250_3_rit.png,0
102_UN_em_40.png,0
51_TrainData2_7_sub.png,0
em_UN_61_103.png,0
189-1331-200924.png,0
200925-204-1126.png,0
326_UN_116_em.png,0
173-200925-1126.png,0
0rMD08f1B.png,0
equation013-formulaire008.png,0
29-1312-200924.png,0
124-200925-1126.png,0
1698881982881704505.png,0
KME2G3_sub_35_26.png,0
M7742BrDf.png,0
BD5M31fr5.png,0
112_em_272_UN.png,0
equation048-formulaire034.png,0
139-2009213-88.png,0
33-2009212-952.png,0
KME2G3_sub_3_42.png,0
139-2009213-105.png,0
69-200925-1126.png,0
1617-200926-144.png,0
1556-200923-60.png,0
em_UN_457_121.png,0
sub_22_TrainData2_39.png,0
equation029-formulaire031.png,0
UN_58_em_103.png,0
r22BMD21f.png,0
1698881982881966082.png,0
144-200923-1251.png,0
4D29M4Bfr.png,0
sub_51_19_TrainData2.png,0
1_sub_TrainData1_15.png,0
0D1Mfr40B.png,0
equation020-formulaire047.png,0
515_365_em.png,0
rit_2_4210.png,0
sub_5_21_KME1G3.png,0
1331-200924-186.png,0
1553-297-200923.png,0
DB2f42r1M.png,0
200923-267-1251.png,0
21_TrainData2_41_sub.png,0
1123_133_em_UN.png,0
equation000-001.png,0
1698881982882213886.png,0
sub_25_TrainData2_17.png,0
equation027-formulaire017.png,0
200922-83-947.png,0
leo_65.png,0
30M6Df9Br.png,0
2009213-147-137.png,0
1698881982882310079.png,0
200923-245-1253.png,0
1698881982882336276.png,0
38_28_sub_KME2G3.png,0
273-200923-1253.png,0
sub_TrainData2_15_14.png,0
1698881982882389516.png,0
200923-271-131.png,0
36_em_20.png,0
73_2014_RIT.png,0
58-2009210-947.png,0
1698881982882455853.png,0
1698881982882469585.png,0
equation048-formulaire029.png,0
2DMf907Br.png,0
949-237-200922.png,0
1698881982882525353.png,0
1698881982882538709.png,0
77-200923-1253.png,0
1617-18-200926.png,0
r2MDf0B88.png,0
KME2G3_sub_13_65.png,0
176f5DMBr.png,0
102_em_UN_46.png,0
200923-131-1251.png,0
4_26_sub_KME2G3.png,0
fMDB1r230.png,0
19-200926-131.png,0
307_RIT_2014.png,0
42155_1_rit.png,0
285_em_512.png,0
2009220-0-1327.png,0
equation057-formulaire025.png,0
1550-200926-19.png,0
947-196-2009210.png,0
1698881982882795182.png,0
7fBD8M51r.png,0
1698881982882825819.png,0
em_220b_32.png,0
947-2009210-53.png,0
Bf5r3D2M0.png,0
UN_1070_130_em.png,0
90_em_106.png,0
4295_rit_0.png,0
Willian_108.png,0
sub_5_KME1G3_28.png,0
B35M2Dfr2.png,0
265-200923-131.png,0
210-200924-1312.png,0
TrainData2_sub_17_8.png,0
1331-33-200924.png,0
3frM08B5D.png,0
1254-57-200923.png,0
equation036-formulaire003.png,0
rit_3_42105.png,0
equation058-formulaire027.png,0
1698881982883094288.png,0
1698881982883108113.png,0
B20M1Dfr4.png,0
200926-245-131.png,0
59-2009212-952.png,0
equation025-formulaire025.png,0
1698881982883176324.png,0
sub_KME1G3_10_6.png,0
em_118_234.png,0
56_em_104.png,0
Mr92fB69D.png,0
david_129.png,0
1698881982883259169.png,0
D06fMrB21.png,0
caue_89.png,0
05B3frMD2.png,0
1698881982883318808.png,0
137-27-2009213.png,0
949-200922-245.png,0
137_115_em.png,0
1698881982883370645.png,0
equation047-formulaire023.png,0
107_UN_150_em.png,0
f9DrB232M.png,0
1698881982883426486.png,0
1253-200923-196.png,0
3BDM4r0f8.png,0
275-1331-200924.png,0
1698881982883481751.png,0
1698881982883494907.png,0
461_UN_em_859.png,0
135-1312-200924.png,0
B3rD9Mf43.png,0
equation066-formulaire030.png,0
1698881982883563509.png,0
67_em_506.png,0
39_sub_KME2G3_8.png,0
1698881982883603263.png,0
equation048-formulaire015.png,0
4255_0_rit.png,0
1698881982883648509.png,0
1698881982883661931.png,0
3_sub_KME2G3_61.png,0
7228fDrMB.png,0
herbert_94.png,0
1698881982883718330.png,0
34_em_36.png,0
1698881982883744916.png,0
1698881982883759069.png,0
156-1126-200925.png,0
f9DM401rB.png,0
equation014-formulaire022.png,0
30_KME2G3_sub_25.png,0
11-2009212-952.png,0
18_sub_98_TrainData2.png,0
Fabricio_75.png,0
507_73_em.png,0
1698881982883878705.png,0
1698881982883891846.png,0
50_23_em.png,0
1698881982883917819.png,0
user0_91.png,0
1031-2009212-36.png,0
947-200922-170.png,0
jorge_85.png,0
em_329_514.png,0
1698881982883995193.png,0
103_em_27.png,0
r2Df047BM.png,0
equation026-formulaire020.png,0
947-43-2009210.png,0
equation005-002.png,0
71_16_sub_TrainData2.png,0
rf32B66DM.png,0
2014_187_RIT.png,0
1698881982884122500.png,0
UN_1080_131_em.png,0
rit_0_42125.png,0
sub_TrainData2_8_71.png,0
70-131-200923.png,0
237-2009213-137.png,0
1698881982884210074.png,0
em_UN_101_13.png,0
1698881982884238003.png,0
TrainData2_41_15_sub.png,0
equation037-formulaire011.png,0
sub_4_TrainData2_98.png,0
1698881982884291988.png,0
1312-200924-64.png,0
135-2009212-1031.png,0
2009212-43-952.png,0
RIT_296_2014.png,0
sub_16_KME2G3_30.png,0
116-2009220-1327.png,0
1698881982884384211.png,0
D9f1rM0B3.png,0
RIT_288_2014.png,0
1331-200924-283.png,0
1698881982884440938.png,0
sub_KME2G3_29_81.png,0
1251-200923-104.png,0
equation054-formulaire017.png,0
182_em_31.png,0
1698881982884507854.png,0
163-200922-1017.png,0
1698881982884534602.png,0
M19BrD46f.png,0
1698881982884565030.png,0
23-137-2009213.png,0
em_36_48.png,0
1698881982884604342.png,0
24fBrDM38.png,0
equation069-formulaire010.png,0
BD33f0Mr3.png,0
903_em_463_UN.png,0
equation007-formulaire006.png,0
1698881982884694770.png,0
equation044-formulaire007.png,0
123_em_27.png,0
1698881982884733368.png,0
equation068-formulaire035.png,0
equation029-formulaire001.png,0
518_426_em.png,0
3-2009210-947.png,0
121_UN_450_em.png,0
equation042-formulaire039.png,0
67-200926-1550.png,0
460_828_UN_em.png,0
equation056-formulaire031.png,0
equation020-formulaire017.png,0
1698881982884873517.png,0
1331-200924-216.png,0
4DrM3f21B.png,0
17_18_em.png,0
161_UN_107_em.png,0
1698881982884945121.png,0
94-200922-1017.png,0
equation047-formulaire007.png,0
1698881982884990012.png,0
200926-114-1550.png,0
equation027-formulaire034.png,0
518_em_UN_124.png,0
200924-34-1312.png,0
2014_30_RIT.png,0
equation056-formulaire019.png,0
1698881982885081800.png,0
equation072-formulaire008.png,0
1698881982885107334.png,0
rBD000M6f.png,0
1698881982885137252.png,0
12-1327-2009220.png,0
1698881982885163278.png,0
rosario_91.png,0
1698881982885189200.png,0
13_sub_KME2G3_26.png,0
949-200922-239.png,0
sub_11_24_TrainData2.png,0
1312-257-200924.png,0
27_124_em.png,0
949-133-200922.png,0
Mr41f3BD8.png,0
101_RIT_2014.png,0
216-947-200922.png,0
66_2_KME2G3_sub.png,0
46_sub_TrainData2_14.png,0
1698881982885350623.png,0
235_2014_RIT.png,0
1698881982885377086.png,0
M9f1rD04B.png,0
1698881982885406846.png,0
em_100_106.png,0
em_456_UN_741.png,0
1698881982885448443.png,0
r3M6fD5B8.png,0
sub_11_KME2G3_65.png,0
20_sub_6_TrainData2.png,0
2_42170_rit.png,0
465_966_UN_em.png,0
3rDM2f1B4.png,0
DfB0Mr230.png,0
1698881982885567847.png,0
214-200922-949.png,0
225-947-2009210.png,0
em_250_511.png,0
equation051-formulaire017.png,0
139-80-2009213.png,0
1698881982885651369.png,0
209_RIT_2014.png,0
95_sub_KME2G3_7.png,0
3M05Bf3Dr.png,0
1254-200923-64.png,0
82B3MrDf8.png,0
479_em_126.png,0
42140_rit_0.png,0
1698881982885762465.png,0
equation059-formulaire027.png,0
KME2G3_15_0_sub.png,0
1698881982885801752.png,0
1698881982885815064.png,0
sub_46_6_TrainData2.png,0
200924-150-1312.png,0
2009210-165-947.png,0
297_2014_RIT.png,0
87-1251-200923.png,0
66_103_em_UN.png,0
equation064-formulaire026.png,0
equation063-formulaire048.png,0
equation061-formulaire036.png,0
2014_RIT_56.png,0
2014_301_RIT.png,0
1698881982885973941.png,0
equation067-formulaire004.png,0
145-1331-200924.png,0
M6rB92f5D.png,0
1698881982886030996.png,0
15-200922-1017.png,0
em_826_460_UN.png,0
1698881982886071197.png,0
sub_7_15_TrainData2.png,0
200926-10-1550.png,0
1698881982886111071.png,0
1698881982886124917.png,0
947-2009210-55.png,0
daniel_80.png,0
equation068-formulaire005.png,0
1698881982886176496.png,0
131_2014_RIT.png,0
80-200926-1550.png,0
1698881982886216625.png,0
29-1553-200923.png,0
175_116_em.png,0
1698881982886255525.png,0
sub_TrainData2_41_13.png,0
199-1312-200924.png,0
1698881982886295546.png,0
171-1553-200923.png,0
em_UN_279_112.png,0
TrainData2_sub_41_1.png,0
sub_1_TrainData2_19.png,0
D8B52rM3f.png,0
rosario_117.png,0
1698881982886393223.png,0
equation054-formulaire011.png,0
leissi_75.png,0
1698881982886431360.png,0
1698881982886444605.png,0
equation058-formulaire013.png,0
4280_1_rit.png,0
em_154_29.png,0
equation028-formulaire037.png,0
1698881982886506959.png,0
6_KME2G3_sub_28.png,0
KME2G3_96_sub_6.png,0
1698881982886546719.png,0
equation011-formulaire039.png,0
1698881982886572415.png,0
UN_133_1119_em.png,0
12_sub_TrainData2_1.png,0
em_519_450.png,0
1698881982886748783.png,0
373_UN_em_118.png,0
502_0_em.png,0
1698881982886789616.png,0
1698881982886802707.png,0
Dfr46MB21.png,0
Dr89fB2M2.png,0
equation005-formulaire043.png,0
r8MfD952B.png,0
equation048-formulaire019.png,0
137-17-2009213.png,0
KME1G3_sub_22_9.png,0
sub_5_KME2G3_48.png,0
1698881982886942061.png,0
Br11MD6f2.png,0
196-137-2009213.png,0
equation050-formulaire037.png,0
1r85fBM1D.png,0
178-949-200922.png,0
200923-104-1253.png,0
949-200922-118.png,0
53_6_KME2G3_sub.png,0
21_sub_TrainData1_3.png,0
equation001-formulaire029.png,0
equation068-formulaire003.png,0
319-1254-200923.png,0
44rD28MfB.png,0
20_29_em.png,0
1698881982887146861.png,0
B17D5M9rf.png,0
f5r1B3MD5.png,0
edwin_118.png,0
TrainData2_sub_98_15.png,0
em_26_4.png,0
193_31_em.png,0
equation027-formulaire024.png,0
fMD12B84r.png,0
1698881982887273646.png,0
equation058-formulaire008.png,0
1698881982887299319.png,0
B1DM8r7f3.png,0
200926-234-131.png,0
21_KME2G3_sub_96.png,0
1698881982887355421.png,0
0_KME2G3_95_sub.png,0
equation028-formulaire015.png,0
200923-138-1253.png,0
12M3r8fBD.png,0
3B278frDM.png,0
8-1327-2009220.png,0
KME2G3_9_48_sub.png,0
1698881982887466253.png,0
TrainData2_17_41_sub.png,0
1617-187-200926.png,0
1698881982887506236.png,0
equation013-formulaire047.png,0
f70DB16Mr.png,0
61_22_sub_TrainData2.png,0
2014_RIT_254.png,0
105_UN_108_em.png,0
454_em_681_UN.png,0
equation014-formulaire036.png,0
1698881982887622918.png,0
em_495_127.png,0
50-2009212-1031.png,0
equation006-formulaire005.png,0
9B11r9DfM.png,0
238-1312-200924.png,0
200923-104-1254.png,0
1698881982887718079.png,0
4295_rit_1.png,0
82-952-2009212.png,0
14_KME2G3_sub_4.png,0
1698881982887769765.png,0
11_19_TrainData2_sub.png,0
200923-142-1556.png,0
46_em_504.png,0
0_101_em_UN.png,0
1698881982887840392.png,0
131-33-200923.png,0
em_121_329.png,0
em_520_128.png,0
9_sub_TrainData2_15.png,0
UN_134_1143_em.png,0
153-200925-1126.png,0
em_94_26.png,0
947-157-2009210.png,0
20-200926-1550.png,0
211-1253-200923.png,0
UN_458_778_em.png,0
D8fM8r21B.png,0
1698881982888014562.png,0
em_26_83.png,0
516_em_128.png,0
1254-295-200923.png,0
1698881982888067652.png,0
UN_227_em_110.png,0
M8fD89B1r.png,0
70-1251-200923.png,0
1553-248-200923.png,0
15_KME2G3_sub_26.png,0
9MBf4rD05.png,0
1556-200923-80.png,0
equation055-formulaire023.png,0
35_KME2G3_27_sub.png,0
0r8MBf12D.png,0
1017-147-200922.png,0
2009220-2-1327.png,0
equation018-formulaire022.png,0
sub_29_0_TrainData2.png,0
2009220-45-1327.png,0
949-200922-35.png,0
1698881982888295844.png,0
equation037-formulaire031.png,0
80-200922-1017.png,0
947-173-200922.png,0
1698881982888346463.png,0
2B7fDr4M0.png,0
1698881982888376567.png,0
equation009-formulaire031.png,0
3_sub_KME2G3_26.png,0
equation021-formulaire036.png,0
137-43-2009213.png,0
1254-333-200923.png,0
947-2009210-183.png,0
sub_95_26_TrainData2.png,0
1698881982888479736.png,0
200922-24-949.png,0
1698881982888505946.png,0
176-200922-947.png,0
1251-200923-264.png,0
equation063-formulaire005.png,0
1331-110-200924.png,0
8M1fD3rB8.png,0
39_sub_3_KME2G3.png,0
6_sub_TrainData2_63.png,0
129-200926-1617.png,0
3r17DBM3f.png,0
r400DBM2f.png,0
26_KME2G3_27_sub.png,0
650_UN_em_453.png,0
200924-151-1312.png,0
Mf1r053BD.png,0
1698881982888729375.png,0
1698881982888744040.png,0
88_TrainData2_sub_17.png,0
equation017-formulaire014.png,0
1698881982888786195.png,0
r2M8f12BD.png,0
2f1Dr2B2M.png,0
97_em_26.png,0
1698881982888847043.png,0
1698881982888861021.png,0
1698881982888874293.png,0
5_sub_38_KME2G3.png,0
1fDr5MB68.png,0
UN_688_em_454.png,0
2f0DB09rM.png,0
200925-84-1126.png,0
162-200924-1331.png,0
1698881982888972794.png,0
D24r6Bf0M.png,0
1254-94-200923.png,0
120_431_UN_em.png,0
1698881982889029807.png,0
em_269_112_UN.png,0
em_246_118.png,0
equation069-formulaire028.png,0
25_em_102_UN.png,0
1254-200923-72.png,0
1698881982889108214.png,0
112_em_273_UN.png,0
122_em_489_UN.png,0
KME2G3_96_29_sub.png,0
D5M0f11rB.png,0
equation067-formulaire038.png,0
equation001-formulaire015.png,0
1698881982889202119.png,0
em_453_UN_662.png,0
451_em_125.png,0
equation008-002.png,0
sub_39_KME2G3_1.png,0
UN_916_em_463.png,0
BM9r92D3f.png,0
Frank_101.png,0
209-947-200922.png,0
1617-43-200926.png,0
equation042-formulaire010.png,0
1698881982889347081.png,0
MBD1r36f6.png,0
9_sub_51_TrainData2.png,0
em_3_37.png,0
user0_94.png,0
137-0-2009213.png,0
r0Bf9M16D.png,0
1698881982889445010.png,0
miguel_110.png,0
1698881982889470861.png,0
D80r1fMB0.png,0
1698881982889502198.png,0
2009213-135-137.png,0
bruno_94.png,0
em_11_103.png,0
danilo_76.png,0
UN_629_em_452.png,0
sub_19_98_TrainData2.png,0
218_118_em.png,0
123-1556-200923.png,0
459_em_UN_801.png,0
UN_567_125_em.png,0
equation043-formulaire038.png,0
1698881982889661509.png,0
233-2009210-947.png,0
f28B8Dr2M.png,0
1017-200922-144.png,0
139-141-2009213.png,0
19-2009212-1031.png,0
453_121_UN_em.png,0
sub_2_KME1G3_25.png,0
1698881982889775453.png,0
1698881982889788853.png,0
122-1617-200926.png,0
1126-200925-37.png,0
1698881982889828306.png,0
1698881982889841846.png,0
12_61_TrainData2_sub.png,0
108_UN_em_186.png,0
em_131_28.png,0
fD5M38B0r.png,0
em_UN_110_245.png,0
f2r18D1MB.png,0
1698881982889941734.png,0
david_124.png,0
2_14_sub_KME2G3.png,0
em_792_458_UN.png,0
user0_117.png,0
em_127_483.png,0
1BMr24fD8.png,0
397_124_em.png,0
112-1327-2009220.png,0
180-200923-1253.png,0
equation020-formulaire019.png,0
equation016-formulaire032.png,0
1698881982890097968.png,0
M3f3BrD12.png,0
11f05MDrB.png,0
em_24_37.png,0
1698881982890159166.png,0
equation040-formulaire033.png,0
fD20r9BM4.png,0
equation064-formulaire042.png,0
1698881982890214634.png,0
1312-155-200924.png,0
DM2fB152r.png,0
equation003-formulaire013.png,0
em_512_289.png,0
200926-54-1550.png,0
115-1553-200923.png,0
1DM82rfB2.png,0
30_sub_8_KME2G3.png,0
equation006-formulaire036.png,0
UN_862_em_461.png,0
1698881982890362686.png,0
1126-136-200925.png,0
equation046-formulaire003.png,0
194-200923-1251.png,0
equation053-formulaire034.png,0
84-1253-200923.png,0
831_UN_em_460.png,0
rD4BM723f.png,0
105_em_105_UN.png,0
equation021-formulaire056.png,0
equation013-formulaire035.png,0
1327-2009220-119.png,0
723_UN_455_em.png,0
equation041-formulaire025.png,0
M2fBD33r5.png,0
1698881982890564087.png,0
1698881982890577964.png,0
1698881982890592059.png,0
equation018-formulaire037.png,0
200923-65-1254.png,0
1331-200924-247.png,0
1698881982890653879.png,0
1698881982890667429.png,0
1698881982890680571.png,0
6rDB029fM.png,0
409_124_em.png,0
1698881982890724307.png,0
1698881982890737500.png,0
91_106_em.png,0
1698881982890763346.png,0
TrainData2_95_sub_16.png,0
TrainData2_sub_17_63.png,0
equation037-formulaire026.png,0
1698881982890816056.png,0
1698881982890829764.png,0
1698881982890843518.png,0
31_183_em.png,0
1698881982890870053.png,0
equation058-formulaire022.png,0
1698881982890895848.png,0
118_224_em.png,0
200923-341-131.png,0
7B88MD1rf.png,0
202_em_117.png,0
B1D6Mr02f.png,0
1556-250-200923.png,0
rit_1_4220.png,0
equation021-formulaire029.png,0
200923-23-1254.png,0
1698881982891030801.png,0
2M8f8BD1r.png,0
1251-200923-63.png,0
1698881982891073939.png,0
1698881982891087515.png,0
M6B218frD.png,0
16_98_TrainData2_sub.png,0
equation034-formulaire018.png,0
200924-302-1312.png,0
1698881982891156944.png,0
equation040-formulaire027.png,0
TrainData2_46_0_sub.png,0
1698881982891196015.png,0
101_em_UN_105.png,0
947-200922-98.png,0
1698881982891235392.png,0
hirata_118.png,0
947-200922-53.png,0
equation061-formulaire004.png,0
121_308_em.png,0
13_sub_KME2G3_96.png,0
15_em_37.png,0
em_456_UN_744.png,0
1698881982891338699.png,0
1698881982891352000.png,0
200924-112-1312.png,0
30_KME2G3_14_sub.png,0
1_sub_KME2G3_95.png,0
139-82-2009213.png,0
1254-306-200923.png,0
1698881982891430979.png,0
1698881982891444262.png,0
M9DB513fr.png,0
81-1031-2009212.png,0
42150_rit_1.png,0
fujita_127.png,0
1254-303-200923.png,0
1251-185-200923.png,0
1698881982891546235.png,0
1698881982891559528.png,0
1698881982891573746.png,0
1698881982891587889.png,0
3BMD5f5r4.png,0
MB94D4r3f.png,0
em_440_519.png,0
20_sub_4_TrainData2.png,0
equation032-formulaire007.png,0
em_130_UN_1054.png,0
1698881982891696872.png,0
919B0fDMr.png,0
131_UN_1083_em.png,0
em_27_122.png,0
1698881982891894851.png,0
333_122_em.png,0
1698881982891923127.png,0
117_349_em_UN.png,0
237-200923-1556.png,0
equation002-formulaire022.png,0
1698881982891976354.png,0
UN_577_126_em.png,0
1698881982892003187.png,0
11_21_KME1G3_sub.png,0
30-1556-200923.png,0
3BrD7f3M2.png,0
2014_RIT_258.png,0
equation033-formulaire030.png,0
1698881982892086941.png,0
212_RIT_2014.png,0
TrainData2_sub_17_20.png,0
41BDr3Mf2.png,0
UN_531_124_em.png,0
1698881982892157231.png,0
RIT_282_2014.png,0
carlos_75.png,0
sub_9_8_TrainData2.png,0
782_458_UN_em.png,0
46-1254-200923.png,0
M2D0rf1B7.png,0
equation037-formulaire016.png,0
19-131-200923.png,0
01fB9rD9M.png,0
200926-208-131.png,0
32_37_em.png,0
17_em_103.png,0
1017-200922-100.png,0
1698881982892344910.png,0
1698881982892358689.png,0
TrainData2_sub_24_39.png,0
em_118_376_UN.png,0
2014_RIT_51.png,0
200924-224-1312.png,0
1698881982892423700.png,0
726_456_UN_em.png,0
sub_74_KME2G3_19.png,0
70-2009220-1327.png,0
125_545_em_UN.png,0
1698881982892489698.png,0
1017-12-200922.png,0
200924-37-1331.png,0
5DrMB205f.png,0
sub_26_KME2G3_12.png,0
em_124_417.png,0
15_0_TrainData2_sub.png,0
equation029-formulaire036.png,0
miguel_95.png,0
1698881982892622657.png,0
455_em_706_UN.png,0
42-200922-1017.png,0
UN_em_75_104.png,0
165-200926-131.png,0
hirata_116.png,0
1556-200923-38.png,0
1698881982892714680.png,0
95_sub_KME2G3_23.png,0
f8rD1MB98.png,0
1698881982892759008.png,0
equation023-formulaire046.png,0
344-131-200923.png,0
1698881982892797283.png,0
r5B35Mf7D.png,0
DBM40rf14.png,0
equation015-formulaire032.png,0
127_585_UN_em.png,0
em_UN_105_120.png,0
197-200924-1312.png,0
511_269_em.png,0
em_67_23.png,0
31-1126-200925.png,0
118_em_371_UN.png,0
97_sub_7_KME2G3.png,0
1698881982892960570.png,0
1312-200924-124.png,0
73-139-2009213.png,0
99-1254-200923.png,0
883_em_462_UN.png,0
1253-200923-22.png,0
1698881982893038836.png,0
1698881982893052362.png,0
3DrMf3B03.png,0
24rfB51DM.png,0
1698881982893099129.png,0
119-1550-200926.png,0
16_KME1G3_sub_7.png,0
20_RIT_2014.png,0
8fB3r54DM.png,0
equation001-form000.png,0
1698881982893182702.png,0
245-200923-1254.png,0
equation025-formulaire006.png,0
1031-2009212-93.png,0
D50fM7Br1.png,0
em_140_115.png,0
100-1331-200924.png,0
1698881982893275662.png,0
em_126_476.png,0
1698881982893301678.png,0
209-1312-200924.png,0
em_519_456.png,0
sub_11_TrainData2_73.png,0
sub_6_14_TrainData2.png,0
2f7rMB8D1.png,0
1698881982893384452.png,0
B49Dfr08M.png,0
3_KME1G3_25_sub.png,0
580_UN_em_126.png,0
2014_RIT_25.png,0
947-200922-55.png,0
25_1_KME1G3_sub.png,0
BDr26M5f0.png,0
1698881982893498188.png,0
452_em_UN_625.png,0
17_6_sub_TrainData2.png,0
026rf3MDB.png,0
Frank_92.png,0
equation067-formulaire021.png,0
1698881982893590883.png,0
0r72BMD9f.png,0
366-1254-200923.png,0
rM32BD5f3.png,0
61-1617-200926.png,0
em_UN_133_1115.png,0
1698881982893683124.png,0
11_sub_98_TrainData2.png,0
2_rit_4260.png,0
124-1254-200923.png,0
1698881982893736146.png,0
sub_KME2G3_4_48.png,0
equation069-formulaire017.png,0
61-139-2009213.png,0
1698881982893788048.png,0
3B7M3rfD2.png,0
1_5_sub_TrainData2.png,0
BDr187M2f.png,0
TrainData2_95_sub_17.png,0
em_240_118.png,0
51-2009220-1327.png,0
105-947-2009210.png,0
em_412_UN_119.png,0
TrainData2_sub_2_88.png,0
TrainData2_24_71_sub.png,0
em_UN_711_455.png,0
1698881982893952650.png,0
200923-302-1254.png,0
equation016-formulaire034.png,0
sub_TrainData2_23_46.png,0
frD2117BM.png,0
2009210-102-947.png,0
5B9fMDr28.png,0
equation011-002.png,0
1698881982894062912.png,0
em_6_502.png,0
1698881982894089645.png,0
r250DfM2B.png,0
alfonso_106.png,0
eq060-crohme_f056.png,0
2M22r7fBD.png,0
1698881982894161014.png,0
1698881982894174220.png,0
Df2r114MB.png,0
4334DrBMf.png,0
equation002-formulaire003.png,0
2014_RIT_42.png,0
equation068-formulaire042.png,0
sub_KME2G3_65_3.png,0
fujita_79.png,0
1556-200923-140.png,0
1251-200923-152.png,0
27_116_em.png,0
B792DrfM3.png,0
87-200925-1126.png,0
2014_RIT_263.png,0
1698881982894364493.png,0
1698881982894377785.png,0
365_em_123.png,0
UN_133_106_em.png,0
952-77-2009212.png,0
equation035-formulaire035.png,0
1698881982894441652.png,0
952-2009212-99.png,0
1698881982894467327.png,0
sub_13_TrainData2_12.png,0
42180_0_rit.png,0
1698881982894508171.png,0
1698881982894525864.png,0
1698881982894539709.png,0
D2B22Mf8r.png,0
1698881982894570499.png,0
equation058-formulaire002.png,0
200923-220-1251.png,0
200924-1312-81.png,0
formulaire027-equation033.png,0
MfrDB3105.png,0
UN_103_em_56.png,0
128_em_519.png,0
200922-947-133.png,0
200922-949-269.png,0
formulaire003-equation063.png,0
UN_115_em_317.png,0
MfrDB3044.png,0
formulaire026-equation063.png,0
TrainData1_7_sub_5.png,0
formulaire005-equation033.png,0
200922-949-137.png,0
101_leo.png,0
formulaire033-equation025.png,0
formulaire026-equation032.png,0
MfrDB0079.png,0
200926-131-27.png,0
TrainData1_6_sub_1.png,0
KME2G3_15_sub_30.png,0
TrainData2_15_sub_73.png,0
121_em_322.png,0
TrainData1_2_sub_28.png,0
200922-949-263.png,0
120_em_288.png,0
MfrDB3066.png,0
200926-1617-232.png,0
200922-949-140.png,0
200922-947-19.png,0
200926-1550-49.png,0
001-equation0012.png,0
KME2G3_6_sub_65.png,0
TrainData2_10_sub_71.png,0
TrainData2_3_sub_13.png,0
200925-1126-122.png,0
114_em_125.png,0
94_danilo.png,0
MfrDB1911.png,0
506_em_60.png,0
200923-1553-13.png,0
MfrDB3177.png,0
MfrDB3170.png,0
formulaire020-equation057.png,0
200922-947-156.png,0
200923-1254-4.png,0
200923-1556-16.png,0
formulaire027-equation036.png,0
106_fujita.png,0
TrainData2_25_sub_46.png,0
formulaire011-equation065.png,0
MfrDB3459.png,0
200923-1254-272.png,0
formulaire006-equation058.png,0
formulaire028-equation052.png,0
formulaire004-equation046.png,0
formulaire014-equation004.png,0
70_Nina.png,0
MfrDB2237.png,0
MfrDB1776.png,0
MfrDB2847.png,0
2009213-139-78.png,0
117_em_204.png,0
MfrDB0786.png,0
2009213-139-224.png,0
UN_452_em_642.png,0
KME2G3_10_sub_38.png,0
formulaire002-equation019.png,0
MfrDB1255.png,0
79_leo.png,0
formulaire037-equation047.png,0
UN_459_em_804.png,0
MfrDB1564.png,0
formulaire001-equation049.png,0
131_alfonso.png,0
200923-1253-227.png,0
RIT_2014_110.png,0
MfrDB1778.png,0
formulaire034-equation051.png,0
formulaire018-equation009.png,0
2009210-947-35.png,0
MfrDB1410.png,0
MfrDB1178.png,0
200923-1556-203.png,0
2009212-952-49.png,0
200923-1254-34.png,0
131_david.png,0
formulaire028-equation061.png,0
200923-1251-43.png,0
2009212-952-16.png,0
MfrDB0603.png,0
MfrDB1902.png,0
formulaire033-equation014.png,0
200923-1553-80.png,0
formulaire007-equation072.png,0
MfrDB1546.png,0
200922-947-117.png,0
118_em_217.png,0
200922-1017-17.png,0
UN_454_em_678.png,0
65_user0.png,0
2009213-137-114.png,0
formulaire007-equation061.png,0
UN_465_em_950.png,0
KME1G3_4_sub_24.png,0
TrainData2_23_sub_61.png,0
200923-1253-221.png,0
formulaire016-equation023.png,0
UN_451_em_624.png,0
MfrDB2427.png,0
MfrDB2206.png,0
TrainData2_14_sub_33.png,0
117_em_205.png,0
2009210-947-149.png,0
KME2G3_8_sub_96.png,0
104_em_33.png,0
200923-1553-0.png,0
200923-1251-38.png,0
RIT_2014_68.png,0
200926-1617-176.png,0
200924-1312-63.png,0
formulaire022-equation013.png,0
200922-1017-102.png,0
2009210-947-132.png,0
2009213-137-7.png,0
formulaire030-equation043.png,0
131_mijail.png,0
18_em_15.png,0
131_carlos.png,0
MfrDB1561.png,0
MfrDB0105.png,0
200923-1556-76.png,0
126_em_455.png,0
UN_466_em_986.png,0
MfrDB3068.png,0
formulaire053-equation029.png,0
formulaire047-equation054.png,0
35_em_1.png,0
UN_102_em_41.png,0
UN_116_em_330.png,0
formulaire008-equation047.png,0
27_em_102.png,0
MfrDB3037.png,0
UN_130_em_1062.png,0
TrainData2_9_sub_39.png,0
UN_107_em_166.png,0
200923-1253-226.png,0
200923-1556-223.png,0
UN_122_em_478.png,0
UN_118_em_385.png,0
rit_42130_2.png,0
UN_111_em_253.png,0
MfrDB3551.png,0
UN_457_em_767.png,0
KME2G3_21_sub_22.png,0
formulaire019-equation071.png,0
formulaire012-equation006.png,0
UN_133_em_1116.png,0
MfrDB1106.png,0
MfrDB2903.png,0
MfrDB1301.png,0
200922-949-217.png,0
formulaire033-equation046.png,0
2009213-139-33.png,0
RIT_2014_161.png,0
MfrDB1952.png,0
KME2G3_2_sub_96.png,0
MfrDB1409.png,0
2009212-952-39.png,0
UN_104_em_89.png,0
TrainData2_19_sub_9.png,0
MfrDB1689.png,0
formulaire037-equation063.png,0
MfrDB1681.png,0
200923-1556-227.png,0
501_em_19.png,0
200924-1331-201.png,0
2009220-1327-55.png,0
200924-1312-237.png,0
formulaire021-equation027.png,0
110_carlos.png,0
91_caue.png,0
RIT_2014_162.png,0
200922-949-10.png,0
200925-1126-58.png,0
200922-1017-68.png,0
200923-131-253.png,0
MfrDB0019.png,0
200923-1553-142.png,0
formulaire021-equation062.png,0
rit_42145_2.png,0
formulaire001-equation011.png,0
RIT_2014_240.png,0
200924-1312-95.png,0
formulaire022-equation057.png,0
formulaire032-equation066.png,0
formulaire019-equation014.png,0
MfrDB3401.png,0
formulaire031-equation043.png,0
UN_120_em_429.png,0
109_caue.png,0
formulaire009-equation017.png,0
20_em_35.png,0
200922-949-176.png,0
2009210-947-64.png,0
MfrDB3282.png,0
UN_463_em_919.png,0
UN_124_em_532.png,0
formulaire010-equation024.png,0
MfrDB2209.png,0
formulaire011-equation073.png,0
formulaire022-equation022.png,0
formulaire024-equation053.png,0
124_leo.png,0
96_carlos.png,0
formulaire026-equation002.png,0
formulaire023-equation012.png,0
200923-1553-43.png,0
rit_42150_0.png,0
200923-1254-60.png,0
MfrDB0982.png,0
formulaire014-equation018.png,0
formulaire054-equation028.png,0
200924-1312-144.png,0
34_em_237.png,0
200923-1254-140.png,0
2009210-947-7.png,0
200923-1251-146.png,0
117_em_197.png,0
MfrDB0050.png,0
MfrDB3067.png,0
200924-1312-293.png,0
200923-1553-12.png,0
KME1G3_7_sub_22.png,0
formulaire049-equation003.png,0
formulaire027-equation044.png,0
formulaire012-equation050.png,0
200922-949-191.png,0
31_em_194.png,0
2009220-1327-83.png,0
formulaire009-equation029.png,0
92_Nina.png,0
UN_122_em_482.png,0
formulaire012-equation066.png,0
123_em_363.png,0
KME2G3_4_sub_81.png,0
126_em_470.png,0
79_herbert.png,0
2009213-137-64.png,0
200926-1617-150.png,0
200925-1126-157.png,0
KME2G3_28_sub_65.png,0
200923-1254-126.png,0
200926-131-43.png,0
2009213-139-43.png,0
2009213-137-177.png,0
RIT_2014_248.png,0
200923-1254-179.png,0
MfrDB1496.png,0
formulaire008-equation003.png,0
505_em_51.png,0
KME1G3_10_sub_22.png,0
UN_108_em_187.png,0
121_em_304.png,0
200926-1550-103.png,0
200923-1253-82.png,0
5_em_30.png,0
200923-1251-186.png,0
KME2G3_9_sub_70.png,0
200924-1312-273.png,0
200925-1126-134.png,0
TrainData2_12_sub_20.png,0
UN_124_em_534.png,0
MfrDB2860.png,0
RIT_2014_158.png,0
UN_458_em_790.png,0
TrainData2_2_sub_43.png,0
formulaire020-equation066.png,0
MfrDB2095.png,0
formulaire007-equation064.png,0
MfrDB2035.png,0
UN_463_em_913.png,0
MfrDB1584.png,0
formulaire010-equation021.png,0
UN_456_em_749.png,0
formulaire021-equation072.png,0
18_em_0.png,0
32_em_211.png,0
formulaire032-equation046.png,0
formulaire021-equation023.png,0
200926-131-175.png,0
MfrDB2748.png,0
UN_113_em_292.png,0
UN_126_em_574.png,0
formulaire002-equation057.png,0
118_em_227.png,0
200923-1253-80.png,0
92_carlos.png,0
formulaire019-equation000.png,0
MfrDB1497.png,0
200923-1254-13.png,0
118_em_230.png,0
200924-1312-219.png,0
UN_104_em_93.png,0
200923-1253-272.png,0
MfrDB1787.png,0
90_Nina.png,0
MfrDB1326.png,0
200923-1553-168.png,0
formulaire006-equation001.png,0
MfrDB1124.png,0
20_em_46.png,0
200926-131-177.png,0
200923-1254-354.png,0
formulaire011-equation022.png,0
UN_104_em_96.png,0
MfrDB0524.png,0
KME2G3_26_sub_95.png,0
2009210-947-147.png,0
UN_101_em_17.png,0
formulaire029-equation025.png,0
formulaire009-equation072.png,0
27_em_114.png,0
KME1G3_4_sub_22.png,0
UN_129_em_1049.png,0
TrainData2_5_sub_20.png,0
UN_132_em_1100.png,0
129_Frank.png,0
2009212-1031-16.png,0
127_em_500.png,0
formulaire031-equation020.png,0
formulaire006-equation034.png,0
MfrDB2276.png,0
130_david.png,0
formulaire036-equation022.png,0
formulaire028-equation072.png,0
20_em_48.png,0
513_em_314.png,0
2009210-947-205.png,0
200923-1253-48.png,0
KME2G3_30_sub_28.png,0
2009213-137-26.png,0
formulaire034-equation039.png,0
KME2G3_27_sub_74.png,0
502_em_8.png,0
MfrDB1436.png,0
formulaire031-equation060.png,0
formulaire013-equation072.png,0
200923-1553-180.png,0
TrainData2_11_sub_41.png,0
200923-1553-202.png,0
formulaire018-equation064.png,0
KME2G3_15_sub_38.png,0
UN_126_em_579.png,0
formulaire020-equation034.png,0
35_em_18.png,0
2009213-137-59.png,0
37_em_25.png,0
formulaire039-equation074.png,0
MfrDB3306.png,0
2009212-952-61.png,0
formulaire014-equation033.png,0
UN_460_em_842.png,0
200923-1254-315.png,0
29_em_161.png,0
TrainData2_16_sub_13.png,0
200923-1253-101.png,0
formulaire038-equation037.png,0
formulaire009-equation014.png,0
200924-1331-204.png,0
MfrDB2144.png,0
formulaire001-equation060.png,0
MfrDB2850.png,0
MfrDB3831.png,0
200923-131-173.png,0
TrainData2_26_sub_29.png,0
200924-1312-32.png,0
formulaire036-equation034.png,0
formulaire034-equation018.png,0
formulaire012-equation017.png,0
MfrDB3211.png,0
200923-131-202.png,0
UN_456_em_746.png,0
MfrDB3323.png,0
formulaire020-equation000.png,0
formulaire031-equation002.png,0
511_em_274.png,0
200923-1253-17.png,0
formulaire035-equation038.png,0
TrainData2_25_sub_11.png,0
200923-1254-337.png,0
93_user0.png,0
27_em_105.png,0
formulaire006-equation015.png,0
rit_4275_2.png,0
TrainData2_16_sub_43.png,0
200923-1556-202.png,0
MfrDB0587.png,0
123_em_388.png,0
MfrDB2968.png,0
TrainData2_12_sub_73.png,0
UN_108_em_196.png,0
200922-947-61.png,0
105_caue.png,0
formulaire020-equation056.png,0
108_leissi.png,0
KME2G3_7_sub_96.png,0
formulaire037-equation055.png,0
200923-1254-21.png,0
518_em_417.png,0
101_danilo.png,0
118_em_233.png,0
200924-1331-291.png,0
rit_4230_0.png,0
200923-1251-155.png,0
formulaire004-equation059.png,0
TrainData2_15_sub_6.png,0
KME2G3_24_sub_35.png,0
formulaire013-equation038.png,0
formulaire001-equation044.png,0
formulaire006-equation006.png,0
200926-131-32.png,0
505_em_53.png,0
MfrDB3285.png,0
UN_129_em_1027.png,0
UN_458_em_781.png,0
TrainData2_5_sub_43.png,0
formulaire001-equation026.png,0
formulaire021-equation033.png,0
200923-131-81.png,0
200922-1017-86.png,0
UN_119_em_398.png,0
117_em_190.png,0
TrainData2_11_sub_17.png,0
RIT_2014_308.png,0
MfrDB1783.png,0
200923-1254-115.png,0
formulaire002-equation044.png,0
UN_116_em_342.png,0
UN_109_em_201.png,0
002-equation006.png,0
KME1G3_4_sub_25.png,0
UN_460_em_841.png,0
200923-1253-43.png,0
TrainData2_4_sub_17.png,0
200924-1331-264.png,0
KME2G3_27_sub_95.png,0
518_em_430.png,0
MfrDB3347.png,0
200922-949-42.png,0
200923-1553-126.png,0
MfrDB1528.png,0
27_em_113.png,0
formulaire007-equation046.png,0
MfrDB1839.png,0
126_em_458.png,0
MfrDB1624.png,0
rit_4270_2.png,0
formulaire027-equation073.png,0
130_Fabricio.png,0
KME2G3_19_sub_28.png,0
RIT_2014_53.png,0
34_em_235.png,0
rit_420b_0.png,0
MfrDB1501.png,0
MfrDB1834.png,0
formulaire039-equation005.png,0
KME2G3_1_sub_61.png,0
200926-1617-105.png,0
UN_102_em_28.png,0
120_em_298.png,0
MfrDB1807.png,0
200924-1312-284.png,0
UN_461_em_853.png,0
formulaire056-equation045.png,0
rit_42155_0.png,0
2009213-137-143.png,0
MfrDB1249.png,0
formulaire029-equation053.png,0
106_em_112.png,0
105_em_65.png,0
MfrDB2447.png,0
200923-1251-107.png,0
121_em_315.png,0
MfrDB0063.png,0
200922-949-183.png,0
20_em_37.png,0
TrainData2_26_sub_11.png,0
80_user0.png,0
UN_457_em_773.png,0
2009213-137-158.png,0
formulaire049-equation057.png,0
31_em_184.png,0
200925-1126-85.png,0
200922-1017-47.png,0
UN_106_em_134.png,0
UN_131_em_1088.png,0
105_alfonso.png,0
MfrDB2975.png,0
UN_128_em_1005.png,0
105_em_78.png,0
MfrDB1666.png,0
formulaire037-equation016.png,0
UN_126_em_581.png,0
KME2G3_1_sub_26.png,0
200923-1553-285.png,0
RIT_2014_31.png,0
MfrDB3113.png,0
2009212-1031-101.png,0
formulaire017-equation056.png,0
MfrDB1244.png,0
RIT_2014_192.png,0
101_carlos.png,0
formulaire041-equation028.png,0
MfrDB0110.png,0
MfrDB2549.png,0
formulaire007-equation034.png,0
formulaire038-equation031.png,0
MfrDB1276.png,0
formulaire021-equation042.png,0
TrainData2_13_sub_88.png,0
RIT_2014_50.png,0
200923-1553-125.png,0
200922-947-68.png,0
91_jorge.png,0
85_Fabricio.png,0
UN_109_em_202.png,0
35_em_21.png,0
formulaire001-equation058.png,0
KME2G3_8_sub_53.png,0
MfrDB2919.png,0
31_em_181.png,0
200923-131-61.png,0
200923-1253-114.png,0
UN_128_em_1023.png,0
formulaire033-equation006.png,0
formulaire048-equation025.png,0
122_em_336.png,0
TrainData2_16_sub_51.png,0
formulaire022-equation033.png,0
formulaire035-equation000.png,0
517_em_401.png,0
200923-1253-231.png,0
200924-1331-154.png,0
200926-1550-78.png,0
126_em_459.png,0
MfrDB0082.png,0
formulaire012-equation018.png,0
508_em_81.png,0
formulaire002-equation004.png,0
2009212-1031-17.png,0
80_david.png,0
formulaire038-equation070.png,0
200924-1312-254.png,0
MfrDB2432.png,0
200922-949-110.png,0
formulaire038-equation003.png,0
36_em_27.png,0
200922-947-48.png,0
2009213-139-162.png,0
UN_452_em_639.png,0
103_em_18.png,0
34_em_249.png,0
MfrDB3265.png,0
200923-1553-24.png,0
2009210-947-78.png,0
MfrDB2851.png,0
UN_464_em_939.png,0
formulaire030-equation018.png,0
116_em_173.png,0
82_herbert.png,0
MfrDB1520.png,0
37_em_29.png,0
KME2G3_6_sub_15.png,0
29_em_153.png,0
514_em_330.png,0
formulaire022-equation032.png,0
RIT_2014_80.png,0
formulaire025-equation010.png,0
formulaire036-equation020.png,0
200924-1331-151.png,0
79_maira.png,0
26_em_85.png,0
formulaire034-equation024.png,0
KME1G3_0_sub_21.png,0
MfrDB1821.png,0
formulaire023-equation074.png,0
200924-1331-30.png,0
27_em_111.png,0
formulaire036-equation028.png,0
KME2G3_16_sub_35.png,0
MfrDB2893.png,0
formulaire016-equation020.png,0
RIT_2014_116.png,0
MfrDB3412.png,0
TrainData2_20_sub_46.png,0
TrainData2_16_sub_17.png,0
507_em_77.png,0
formulaire043-equation073.png,0
517_em_408.png,0
formulaire006-equation023.png,0
formulaire006-equation019.png,0
104_em_54.png,0
200925-1126-18.png,0
200923-131-160.png,0
MfrDB0237.png,0
200923-1556-24.png,0
200922-949-210.png,0
UN_463_em_906.png,0
MfrDB3284.png,0
KME1G3_0_sub_16.png,0
MfrDB2912.png,0
93_alfonso.png,0
formulaire010-equation004.png,0
MfrDB2821.png,0
200923-1553-52.png,0
MfrDB3110.png,0
MfrDB2438.png,0
rit_4245_4.png,0
UN_454_em_689.png,0
MfrDB2155.png,0
UN_132_em_1108.png,0
UN_462_em_892.png,0
MfrDB1602.png,0
200922-947-43.png,0
MfrDB1797.png,0
200924-1331-196.png,0
UN_108_em_179.png,0
UN_462_em_878.png,0
UN_460_em_833.png,0
2009213-137-172.png,0
108_Fabricio.png,0
200922-1017-19.png,0
2009212-1031-43.png,0
200922-1017-51.png,0
131_Frank.png,0
92_leissi.png,0
RIT_2014_93.png,0
2009210-947-65.png,0
formulaire023-equation053.png,0
75_rosario.png,0
formulaire044-equation026.png,0
200923-1553-30.png,0
200923-1553-222.png,0
200922-947-32.png,0
200922-947-155.png,0
UN_462_em_879.png,0
RIT_2014_78.png,0
MfrDB3274.png,0
200924-1331-137.png,0
formulaire036-equation043.png,0
MfrDB1975.png,0
200923-1254-293.png,0
MfrDB2982.png,0
29_em_155.png,0
200923-1556-8.png,0
122_em_340.png,0
TrainData2_24_sub_41.png,0
formulaire037-equation048.png,0
200926-1617-114.png,0
formulaire033-equation016.png,0
formulaire039-equation028.png,0
200926-1617-216.png,0
109_user0.png,0
TrainData2_6_sub_13.png,0
formulaire016-equation055.png,0
MfrDB2981.png,0
KME1G3_4_sub_28.png,0
formulaire027-equation002.png,0
128_em_522.png,0
formulaire026-equation019.png,0
73_herbert.png,0
121_em_302.png,0
formulaire009-equation037.png,0
200922-949-4.png,0
formulaire011-equation052.png,0
200923-1553-254.png,0
82_caue.png,0
200923-1553-170.png,0
200922-947-215.png,0
formulaire017-equation072.png,0
37_em_1.png,0
UN_101_em_5.png,0
KME2G3_13_sub_74.png,0
MfrDB3136.png,0
UN_110_em_235.png,0
formulaire026-equation061.png,0
2009213-139-206.png,0
200926-131-239.png,0
UN_103_em_63.png,0
formulaire012-equation047.png,0
formulaire015-equation065.png,0
200923-1556-65.png,0
127_em_503.png,0
200923-131-83.png,0
formulaire020-equation070.png,0
200924-1331-136.png,0
200922-947-67.png,0
UN_123_em_493.png,0
121_em_319.png,0
200924-1331-126.png,0
formulaire053-equation043.png,0
26_em_90.png,0
117_em_187.png,0
2009213-139-183.png,0
515_em_354.png,0
200924-1312-239.png,0
UN_103_em_60.png,0
UN_458_em_787.png,0
formulaire025-equation002.png,0
formulaire057-equation005.png,0
90_leissi.png,0
TrainData2_10_sub_13.png,0
200925-1126-51.png,0
RIT_2014_83.png,0
formulaire035-equation023.png,0
200926-131-147.png,0
200923-1253-250.png,0
MfrDB1278.png,0
200923-1556-7.png,0
UN_129_em_1038.png,0
2009212-952-51.png,0
RIT_2014_34.png,0
MfrDB2177.png,0
formulaire006-equation041.png,0
MfrDB3045.png,0
125_em_438.png,0
UN_459_em_806.png,0
formulaire009-equation032.png,0
formulaire005-equation043.png,0
200924-1312-75.png,0
KME2G3_9_sub_53.png,0
rit_42190_3.png,0
TrainData2_18_sub_71.png,0
31_em_176.png,0
formulaire018-equation039.png,0
UN_457_em_752.png,0
UN_458_em_783.png,0
200922-1017-0.png,0
KME2G3_7_sub_14.png,0
formulaire039-equation065.png,0
formulaire012-equation025.png,0
UN_461_em_872.png,0
200923-131-6.png,0
formulaire002-equation054.png,0
518_em_418.png,0
formulaire032-equation067.png,0
formulaire028-equation000.png,0
RIT_2014_147.png,0
200923-131-190.png,0
MfrDB1600.png,0
formulaire025-equation005.png,0
129_em_543.png,0
200924-1312-297.png,0
formulaire039-equation068.png,0
UN_114_em_296.png,0
200922-947-78.png,0
KME1G3_6_sub_28.png,0
formulaire027-equation047.png,0
200923-1253-156.png,0
2009210-947-162.png,0
KME2G3_17_sub_30.png,0
formulaire016-equation036.png,0
123_em_386.png,0
RIT_2014_45.png,0
KME2G3_6_sub_3.png,0
200924-1312-62.png,0
formulaire003-equation004.png,0
TrainData2_7_sub_9.png,0
TrainData2_18_sub_46.png,0
KME1G3_9_sub_26.png,0
UN_459_em_820.png,0
200926-1550-126.png,0
formulaire032-equation074.png,0
UN_463_em_908.png,0
UN_118_em_387.png,0
formulaire014-equation032.png,0
formulaire035-equation074.png,0
rit_42100_1.png,0
92_caue.png,0
formulaire006-equation051.png,0
127_edwin.png,0
200923-1251-125.png,0
formulaire023-equation016.png,0
73_rosario.png,0
formulaire009-equation045.png,0
200926-131-189.png,0
formulaire045-equation063.png,0
formulaire055-equation064.png,0
rit_42190_0.png,0
formulaire005-equation024.png,0
KME2G3_16_sub_26.png,0
MfrDB3207.png,0
200922-947-14.png,0
MfrDB1342.png,0
formulaire011-equation004.png,0
formulaire008-equation065.png,0
MfrDB1806.png,0
29_em_172.png,0
200925-1126-36.png,0
32_em_203.png,0
formulaire039-equation057.png,0
UN_108_em_199.png,0
rit_42135_1.png,0
formulaire018-equation036.png,0
MfrDB0024.png,0
formulaire008-equation031.png,0
MfrDB2028.png,0
200922-947-5.png,0
KME2G3_13_sub_22.png,0
KME2G3_27_sub_22.png,0
26_em_76.png,0
MfrDB2288.png,0
122_em_344.png,0
UN_134_em_1149.png,0
200923-131-172.png,0
UN_127_em_589.png,0
MfrDB0132.png,0
formulaire021-equation058.png,0
35_em_12.png,0
200923-1556-161.png,0
2009210-947-73.png,0
MfrDB0025.png,0
MfrDB2097.png,0
formulaire024-equation052.png,0
200922-949-235.png,0
UN_461_em_868.png,0
UN_465_em_962.png,0
UN_463_em_914.png,0
200926-1617-226.png,0
27_em_115.png,0
formulaire046-equation062.png,0
rit_42105_4.png,0
formulaire025-equation070.png,0
formulaire013-equation013.png,0
130_leo.png,0
36_em_41.png,0
UN_116_em_320.png,0
200926-131-36.png,0
200922-1017-74.png,0
105_em_66.png,0
MfrDB1556.png,0
TrainData2_2_sub_9.png,0
23_em_51.png,0
formulaire006-equation059.png,0
RIT_2014_191.png,0
formulaire027-equation063.png,0
36_em_44.png,0
MfrDB2158.png,0
200923-1251-234.png,0
MfrDB1257.png,0
formulaire029-equation020.png,0
formulaire015-equation050.png,0
518_em_432.png,0
200923-1254-220.png,0
95_leissi.png,0
MfrDB0347.png,0
formulaire034-equation073.png,0
formulaire028-equation009.png,0
UN_114_em_308.png,0
2009213-137-189.png,0
MfrDB3901.png,0
90_lucelia.png,0
formulaire028-equation062.png,0
MfrDB1599.png,0
formulaire038-equation013.png,0
formulaire013-equation056.png,0
200926-1550-14.png,0
RIT_2014_193.png,0
formulaire030-equation027.png,0
MfrDB2352.png,0
KME2G3_23_sub_38.png,0
KME2G3_14_sub_22.png,0
TrainData2_7_sub_41.png,0
37_em_23.png,0
UN_453_em_665.png,0
2009220-1327-6.png,0
formulaire027-equation048.png,0
TrainData2_2_sub_95.png,0
118_em_244.png,0
formulaire038-equation028.png,0
514_em_343.png,0
93_herbert.png,0
123_em_369.png,0
formulaire045-equation041.png,0
UN_108_em_181.png,0
89_daniel.png,0
RIT_2014_203.png,0
formulaire028-equation020.png,0
2009210-947-135.png,0
formulaire022-equation036.png,0
200922-949-63.png,0
34_em_245.png,0
516_em_386.png,0
94_Nina.png,0
formulaire018-equation046.png,0
KME2G3_22_sub_81.png,0
200923-1556-83.png,0
200923-131-124.png,0
MfrDB2966.png,0
MfrDB0552.png,0
formulaire025-equation022.png,0
MfrDB2000.png,0
200923-1251-76.png,0
MfrDB2441.png,0
formulaire026-equation038.png,0
105_em_68.png,0
formulaire019-equation010.png,0
UN_117_em_348.png,0
formulaire016-equation016.png,0
MfrDB2077.png,0
UN_121_em_466.png,0
formulaire001-equation031.png,0
200924-1312-143.png,0
200923-1556-74.png,0
116_Fabricio.png,0
200922-949-93.png,0
MfrDB3005.png,0
formulaire015-equation015.png,0
KME1G3_9_sub_20.png,0
UN_458_em_776.png,0
formulaire013-equation006.png,0
81_carlos.png,0
200924-1331-273.png,0
MfrDB2493.png,0
85_leo.png,0
UN_463_em_909.png,0
UN_113_em_290.png,0
002-equation001.png,0
200923-1553-176.png,0
2009213-139-16.png,0
formulaire025-equation063.png,0
formulaire004-equation016.png,0
200923-1251-285.png,0
formulaire041-equation068.png,0
2009213-139-199.png,0
200922-947-175.png,0
MfrDB2242.png,0
formulaire023-equation022.png,0
516_em_382.png,0
200922-949-9.png,0
KME2G3_20_sub_81.png,0
MfrDB0072.png,0
79_alfonso.png,0
KME1G3_2_sub_28.png,0
formulaire032-equation039.png,0
UN_127_em_594.png,0
2009213-137-78.png,0
UN_452_em_636.png,0
200923-131-43.png,0
TrainData2_0_sub_39.png,0
200923-131-249.png,0
formulaire038-equation027.png,0
91_david.png,0
rit_4210_1.png,0
TrainData1_4_sub_9.png,0
KME2G3_4_sub_38.png,0
200923-131-148.png,0
26_em_75.png,0
MfrDB3410.png,0
129_edwin.png,0
formulaire039-equation062.png,0
formulaire034-equation045.png,0
UN_132_em_1111.png,0
2009213-139-95.png,0
formulaire024-equation058.png,0
MfrDB1900.png,0
200926-1617-47.png,0
125_em_431.png,0
UN_111_em_261.png,0
formulaire008-equation073.png,0
UN_116_em_334.png,0
2009213-137-48.png,0
TrainData2_9_sub_29.png,0
130_user0.png,0
UN_124_em_540.png,0
formulaire017-equation013.png,0
MfrDB1615.png,0
MfrDB1605.png,0
126_leo.png,0
200926-1617-40.png,0
MfrDB2637.png,0
TrainData1_3_sub_9.png,0
KME1G3_8_sub_20.png,0
200923-1253-83.png,0
UN_457_em_765.png,0
UN_102_em_47.png,0
formulaire050-equation058.png,0
MfrDB3122.png,0
KME1G3_4_sub_21.png,0
TrainData2_18_sub_33.png,0
116_em_158.png,0
95_alfonso.png,0
2009210-947-204.png,0
507_em_75.png,0
MfrDB2263.png,0
MfrDB2569.png,0
200923-1253-183.png,0
2009212-952-30.png,0
79_bruno.png,0
formulaire015-equation061.png,0
MfrDB2051.png,0
RIT_2014_18.png,0
formulaire034-equation036.png,0
KME2G3_11_sub_26.png,0
MfrDB2908.png,0
formulaire026-equation026.png,0
200923-1556-41.png,0
formulaire012-equation026.png,0
UN_464_em_933.png,0
KME2G3_11_sub_35.png,0
MfrDB1527.png,0
UN_107_em_165.png,0
formulaire008-equation063.png,0
518_em_423.png,0
73_fujita.png,0
MfrDB2392.png,0
115_em_156.png,0
200922-947-200.png,0
MfrDB1724.png,0
200924-1312-288.png,0
TrainData2_10_sub_33.png,0
TrainData2_14_sub_41.png,0
2009212-952-54.png,0
121_em_306.png,0
KME1G3_12_sub_10.png,0
TrainData2_11_sub_95.png,0
31_em_187.png,0
37_em_12.png,0
MfrDB1324.png,0
32_em_212.png,0
515_em_370.png,0
UN_107_em_153.png,0
KME1G3_3_sub_29.png,0
formulaire006-equation046.png,0
TrainData2_17_sub_13.png,0
UN_106_em_136.png,0
formulaire027-equation017.png,0
KME2G3_7_sub_26.png,0
UN_455_em_722.png,0
formulaire015-equation035.png,0
200922-949-47.png,0
2009210-947-216.png,0
200923-1251-88.png,0
UN_454_em_686.png,0
UN_111_em_263.png,0
200923-1254-2.png,0
UN_127_em_593.png,0
KME2G3_3_sub_15.png,0
formulaire013-equation071.png,0
TrainData2_3_sub_17.png,0
200924-1312-60.png,0
130_jorge.png,0
MfrDB1533.png,0
MfrDB3251.png,0
RIT_2014_233.png,0
200922-1017-130.png,0
200926-131-122.png,0
formulaire024-equation026.png,0
200924-1312-129.png,0
formulaire016-equation073.png,0
200923-131-361.png,0
2009210-947-218.png,0
116_em_179.png,0
200923-1556-221.png,0
MfrDB2335.png,0
MfrDB3081.png,0
200926-1617-130.png,0
2009220-1327-13.png,0
KME2G3_0_sub_65.png,0
TrainData1_0_sub_1.png,0
formulaire037-equation054.png,0
MfrDB2864.png,0
formulaire023-equation043.png,0
115_em_134.png,0
MfrDB3418.png,0
KME2G3_10_sub_26.png,0
formulaire030-equation074.png,0
UN_126_em_570.png,0
131_edwin.png,0
formulaire027-equation050.png,0
MfrDB2238.png,0
formulaire025-equation018.png,0
formulaire012-equation007.png,0
formulaire010-equation016.png,0
TrainData2_8_sub_61.png,0
RIT_2014_272.png,0
2009213-137-130.png,0
103_em_15.png,0
117_em_203.png,0
515_em_353.png,0
formulaire018-equation024.png,0
MfrDB3304.png,0
formulaire041-equation071.png,0
formulaire018-equation017.png,0
104_em_36.png,0
200926-1550-62.png,0
MfrDB0495.png,0
MfrDB2452.png,0
UN_130_em_1056.png,0
RIT_2014_188.png,0
formulaire009-equation067.png,0
formulaire026-equation022.png,0
200924-1331-251.png,0
200923-1253-288.png,0
KME2G3_12_sub_30.png,0
formulaire009-equation053.png,0
RIT_2014_65.png,0
200923-131-302.png,0
KME1G3_0_sub_10.png,0
70_alfonso.png,0
TrainData2_14_sub_73.png,0
UN_108_em_180.png,0
2009212-952-79.png,0
131_miguel.png,0
formulaire033-equation020.png,0
formulaire031-equation030.png,0
MfrDB0047.png,0
200922-947-37.png,0
TrainData2_14_sub_61.png,0
2009220-1327-32.png,0
MfrDB0331.png,0
516_em_392.png,0
MfrDB1896.png,0
UN_121_em_447.png,0
KME2G3_20_sub_96.png,0
KME2G3_22_sub_30.png,0
KME2G3_20_sub_30.png,0
formulaire001-equation015.png,0
2009213-137-3.png,0
80_caue.png,0
200924-1331-259.png,0
KME2G3_7_sub_22.png,0
200923-131-335.png,0
formulaire014-equation072.png,0
RIT_2014_312.png,0
UN_465_em_955.png,0
MfrDB1558.png,0
formulaire010-equation037.png,0
UN_128_em_1014.png,0
formulaire012-equation023.png,0
200923-1253-105.png,0
UN_111_em_250.png,0
200922-947-134.png,0
formulaire042-equation026.png,0
RIT_2014_244.png,0
TrainData2_2_sub_46.png,0
200924-1331-1.png,0
KME2G3_20_sub_35.png,0
518_em_416.png,0
2009213-137-242.png,0
117_em_211.png,0
510_em_105.png,0
formulaire015-equation066.png,0
504_em_35.png,0
formulaire021-equation015.png,0
101_leissi.png,0
MfrDB2424.png,0
MfrDB3091.png,0
73_hirata.png,0
200923-1556-220.png,0
UN_109_em_214.png,0
200922-947-21.png,0
MfrDB1875.png,0
formulaire021-equation073.png,0
514_em_342.png,0
formulaire032-equation070.png,0
UN_451_em_608.png,0
TrainData2_13_sub_15.png,0
200926-131-135.png,0
formulaire037-equation007.png,0
200924-1312-270.png,0
TrainData2_14_sub_71.png,0
formulaire009-equation050.png,0
125_em_447.png,0
2009212-1031-151.png,0
MfrDB3498.png,0
formulaire011-equation009.png,0
106_em_96.png,0
UN_107_em_158.png,0
TrainData2_3_sub_95.png,0
UN_105_em_109.png,0
MfrDB1941.png,0
TrainData2_16_sub_39.png,0
formulaire024-equation059.png,0
104_em_58.png,0
118_em_239.png,0
129_rosario.png,0
MfrDB3417.png,0
200923-131-108.png,0
200923-1556-54.png,0
UN_119_em_413.png,0
2009212-952-27.png,0
200922-949-240.png,0
200923-1254-378.png,0
UN_133_em_1135.png,0
UN_121_em_460.png,0
rit_4250_3.png,0
UN_102_em_40.png,0
TrainData2_7_sub_51.png,0
UN_103_em_61.png,0
200924-1331-189.png,0
200925-1126-204.png,0
UN_116_em_326.png,0
200925-1126-173.png,0
MfrDB0108.png,0
formulaire008-equation013.png,0
200924-1312-29.png,0
200925-1126-124.png,0
formulaire042-equation028.png,0
KME2G3_26_sub_35.png,0
MfrDB2747.png,0
MfrDB1553.png,0
UN_112_em_272.png,0
formulaire034-equation048.png,0
2009213-139-88.png,0
2009212-952-33.png,0
KME2G3_3_sub_42.png,0
2009213-139-105.png,0
200925-1126-69.png,0
200926-1617-144.png,0
200923-1556-60.png,0
UN_121_em_457.png,0
TrainData2_22_sub_39.png,0
formulaire031-equation029.png,0
UN_103_em_58.png,0
MfrDB2212.png,0
formulaire032-equation017.png,0
200923-1251-144.png,0
MfrDB2494.png,0
TrainData2_19_sub_51.png,0
TrainData1_1_sub_15.png,0
MfrDB0014.png,0
formulaire047-equation020.png,0
515_em_365.png,0
rit_4210_2.png,0
KME1G3_5_sub_21.png,0
200924-1331-186.png,0
200923-1553-297.png,0
MfrDB2421.png,0
200923-1251-267.png,0
TrainData2_21_sub_41.png,0
UN_133_em_1123.png,0
001-equation000.png,0
formulaire016-equation064.png,0
TrainData2_25_sub_17.png,0
formulaire017-equation027.png,0
200922-947-83.png,0
65_leo.png,0
MfrDB0369.png,0
2009213-137-147.png,0
formulaire013-equation015.png,0
200923-1253-245.png,0
formulaire018-equation032.png,0
KME2G3_28_sub_38.png,0
200923-1253-273.png,0
TrainData2_14_sub_15.png,0
formulaire007-equation000.png,0
200923-131-271.png,0
20_em_36.png,0
RIT_2014_73.png,0
2009210-947-58.png,0
200923-131-303.png,0
200923-1254-40.png,0
formulaire029-equation048.png,0
MfrDB0729.png,0
200922-949-237.png,0
formulaire026-equation036.png,0
formulaire034-equation019.png,0
200923-1253-77.png,0
200926-1617-18.png,0
MfrDB2880.png,0
KME2G3_13_sub_65.png,0
MfrDB1576.png,0
UN_102_em_46.png,0
200923-1251-131.png,0
KME2G3_4_sub_26.png,0
MfrDB1302.png,0
200926-131-19.png,0
RIT_2014_307.png,0
rit_42155_1.png,0
512_em_285.png,0
2009220-1327-0.png,0
formulaire025-equation057.png,0
200926-1550-19.png,0
2009210-947-196.png,0
200922-949-104.png,0
MfrDB1758.png,0
formulaire018-equation008.png,0
32_em_220b.png,0
2009210-947-53.png,0
MfrDB3250.png,0
UN_130_em_1070.png,0
106_em_90.png,0
rit_4295_0.png,0
108_Willian.png,0
KME1G3_5_sub_28.png,0
MfrDB2325.png,0
200923-131-265.png,0
200924-1312-210.png,0
TrainData2_8_sub_17.png,0
200924-1331-33.png,0
MfrDB3805.png,0
200923-1254-57.png,0
formulaire003-equation036.png,0
rit_42105_3.png,0
formulaire027-equation058.png,0
2009212-1031-21.png,0
formulaire006-equation066.png,0
MfrDB1240.png,0
200926-131-245.png,0
2009212-952-59.png,0
formulaire025-equation025.png,0
520_em_466.png,0
KME1G3_6_sub_10.png,0
118_em_234.png,0
104_em_56.png,0
MfrDB2996.png,0
129_david.png,0
formulaire028-equation016.png,0
MfrDB0126.png,0
89_caue.png,0
MfrDB2350.png,0
formulaire019-equation019.png,0
2009213-137-27.png,0
200922-949-245.png,0
115_em_137.png,0
200922-1017-122.png,0
formulaire023-equation047.png,0
UN_107_em_150.png,0
MfrDB2293.png,0
formulaire034-equation043.png,0
200923-1253-196.png,0
MfrDB3084.png,0
200924-1331-275.png,0
formulaire028-equation006.png,0
formulaire028-equation023.png,0
UN_461_em_859.png,0
200924-1312-135.png,0
MfrDB3439.png,0
formulaire030-equation066.png,0
formulaire033-equation028.png,0
506_em_67.png,0
KME2G3_8_sub_39.png,0
501_em_23.png,0
formulaire015-equation048.png,0
rit_4255_0.png,0
200924-1312-137.png,0
formulaire033-equation031.png,0
KME2G3_3_sub_61.png,0
MfrDB2872.png,0
94_herbert.png,0
98_jorge.png,0
36_em_34.png,0
96_miguel.png,0
RIT_2014_120.png,0
200925-1126-156.png,0
MfrDB0914.png,0
formulaire022-equation014.png,0
KME2G3_25_sub_30.png,0
2009212-952-11.png,0
TrainData2_18_sub_98.png,0
75_Fabricio.png,0
507_em_73.png,0
200926-1617-106.png,0
formulaire015-equation070.png,0
23_em_50.png,0
formulaire027-equation062.png,0
91_user0.png,0
2009212-1031-36.png,0
200922-947-170.png,0
85_jorge.png,0
514_em_329.png,0
formulaire050-equation003.png,0
27_em_103.png,0
MfrDB0724.png,0
formulaire020-equation026.png,0
2009210-947-43.png,0
002-equation005.png,0
TrainData2_16_sub_71.png,0
MfrDB3266.png,0
RIT_2014_187.png,0
200923-131-30.png,0
UN_131_em_1080.png,0
rit_42125_0.png,0
TrainData2_8_sub_71.png,0
200923-131-70.png,0
2009213-137-237.png,0
formulaire034-equation058.png,0
UN_101_em_13.png,0
200923-1251-128.png,0
TrainData2_15_sub_41.png,0
formulaire011-equation037.png,0
TrainData2_4_sub_98.png,0
formulaire030-equation001.png,0
200924-1312-64.png,0
2009212-1031-135.png,0
2009212-952-43.png,0
RIT_2014_296.png,0
KME2G3_16_sub_30.png,0
2009220-1327-116.png,0
formulaire058-equation069.png,0
MfrDB1309.png,0
RIT_2014_288.png,0
200924-1331-283.png,0
127_user0.png,0
KME2G3_29_sub_81.png,0
200923-1251-104.png,0
formulaire017-equation054.png,0
31_em_182.png,0
UN_120_em_434.png,0
200922-1017-163.png,0
519_em_454.png,0
MfrDB1964.png,0
formulaire020-equation014.png,0
2009213-137-23.png,0
36_em_48.png,0
formulaire023-equation018.png,0
MfrDB3428.png,0
formulaire010-equation069.png,0
MfrDB3033.png,0
UN_463_em_903.png,0
formulaire006-equation007.png,0
formulaire024-equation055.png,0
formulaire007-equation044.png,0
27_em_123.png,0
formulaire026-equation039.png,0
formulaire035-equation068.png,0
formulaire001-equation029.png,0
518_em_426.png,0
2009210-947-3.png,0
UN_121_em_450.png,0
formulaire039-equation042.png,0
200926-1550-67.png,0
UN_460_em_828.png,0
formulaire031-equation056.png,0
formulaire017-equation020.png,0
130_alfonso.png,0
200924-1331-216.png,0
MfrDB3142.png,0
18_em_17.png,0
UN_107_em_161.png,0
2009212-952-18.png,0
200922-1017-94.png,0
formulaire007-equation047.png,0
formulaire030-equation060.png,0
200926-1550-114.png,0
formulaire034-equation027.png,0
UN_124_em_518.png,0
200924-1312-34.png,0
RIT_2014_30.png,0
formulaire019-equation056.png,0
KME2G3_2_sub_28.png,0
formulaire008-equation072.png,0
formulaire032-equation062.png,0
MfrDB0006.png,0
formulaire046-equation049.png,0
2009220-1327-12.png,0
formulaire030-equation029.png,0
91_rosario.png,0
formulaire007-equation007.png,0
KME2G3_13_sub_26.png,0
200922-949-239.png,0
TrainData2_24_sub_11.png,0
200924-1312-257.png,0
27_em_124.png,0
200922-949-133.png,0
MfrDB1438.png,0
RIT_2014_101.png,0
200922-947-216.png,0
KME2G3_2_sub_66.png,0
TrainData2_14_sub_46.png,0
formulaire027-equation060.png,0
RIT_2014_235.png,0
formulaire014-equation057.png,0
MfrDB0194.png,0
formulaire036-equation027.png,0
106_em_100.png,0
UN_456_em_741.png,0
200924-1331-284.png,0
MfrDB3568.png,0
KME2G3_11_sub_65.png,0
TrainData2_20_sub_6.png,0
rit_42170_2.png,0
UN_465_em_966.png,0
MfrDB1432.png,0
MfrDB2003.png,0
RIT_2014_287.png,0
200922-949-214.png,0
2009210-947-225.png,0
511_em_250.png,0
formulaire017-equation051.png,0
2009213-139-80.png,0
200922-947-190.png,0
RIT_2014_209.png,0
KME2G3_7_sub_95.png,0
MfrDB3035.png,0
200923-1254-64.png,0
MfrDB3828.png,0
126_em_479.png,0
rit_42140_0.png,0
formulaire055-equation050.png,0
formulaire027-equation059.png,0
KME2G3_0_sub_15.png,0
formulaire031-equation066.png,0
formulaire019-equation031.png,0
TrainData2_6_sub_46.png,0
200924-1312-150.png,0
2009210-947-165.png,0
RIT_2014_297.png,0
200923-1251-87.png,0
UN_103_em_66.png,0
formulaire026-equation064.png,0
formulaire048-equation063.png,0
formulaire036-equation061.png,0
RIT_2014_56.png,0
RIT_2014_301.png,0
formulaire004-equation031.png,0
formulaire004-equation067.png,0
200924-1331-145.png,0
MfrDB2965.png,0
200925-1126-9.png,0
200922-1017-15.png,0
UN_460_em_826.png,0
116_user0.png,0
TrainData2_7_sub_15.png,0
200926-1550-10.png,0
formulaire033-equation058.png,0
rit_42170_4.png,0
2009210-947-55.png,0
80_daniel.png,0
formulaire005-equation068.png,0
formulaire029-equation060.png,0
RIT_2014_131.png,0
200926-1550-80.png,0
91_Frank.png,0
200923-1553-29.png,0
116_em_175.png,0
formulaire025-equation038.png,0
TrainData2_13_sub_41.png,0
200924-1312-199.png,0
34_em_231.png,0
200923-1553-171.png,0
UN_112_em_279.png,0
TrainData2_1_sub_41.png,0
TrainData2_19_sub_1.png,0
MfrDB2853.png,0
117_rosario.png,0
formulaire006-equation008.png,0
formulaire011-equation054.png,0
75_leissi.png,0
82_edwin.png,0
116_Nina.png,0
formulaire013-equation058.png,0
rit_4280_1.png,0
29_em_154.png,0
formulaire037-equation028.png,0
formulaire040-equation051.png,0
KME2G3_6_sub_28.png,0
KME2G3_6_sub_96.png,0
formulaire028-equation027.png,0
formulaire039-equation011.png,0
122_em_348.png,0
UN_133_em_1119.png,0
TrainData2_12_sub_1.png,0
519_em_450.png,0
32_em_213.png,0
UN_118_em_373.png,0
502_em_0.png,0
formulaire025-equation040.png,0
formulaire033-equation045.png,0
MfrDB1462.png,0
MfrDB2928.png,0
formulaire043-equation005.png,0
MfrDB2895.png,0
formulaire019-equation048.png,0
2009213-137-17.png,0
KME1G3_9_sub_22.png,0
KME2G3_5_sub_48.png,0
formulaire036-equation013.png,0
MfrDB2116.png,0
2009213-137-196.png,0
formulaire037-equation050.png,0
MfrDB1815.png,0
200922-949-178.png,0
200923-1253-104.png,0
200922-949-118.png,0
KME2G3_6_sub_53.png,0
TrainData1_3_sub_21.png,0
formulaire029-equation001.png,0
formulaire003-equation068.png,0
200923-1254-319.png,0
MfrDB2448.png,0
20_em_29.png,0
200923-1253-127.png,0
MfrDB1957.png,0
MfrDB3155.png,0
118_edwin.png,0
TrainData2_15_sub_98.png,0
4_em_26.png,0
31_em_193.png,0
formulaire024-equation027.png,0
MfrDB1482.png,0
formulaire002-equation037.png,0
formulaire008-equation058.png,0
formulaire028-equation029.png,0
MfrDB1387.png,0
200926-131-234.png,0
KME2G3_21_sub_96.png,0
105_fujita.png,0
KME2G3_0_sub_95.png,0
formulaire015-equation028.png,0
200923-1253-138.png,0
MfrDB1238.png,0
MfrDB2873.png,0
2009220-1327-8.png,0
KME2G3_9_sub_48.png,0
65_miguel.png,0
TrainData2_17_sub_41.png,0
200926-1617-187.png,0
37_em_6.png,0
formulaire047-equation013.png,0
MfrDB1670.png,0
TrainData2_22_sub_61.png,0
RIT_2014_254.png,0
UN_105_em_108.png,0
UN_454_em_681.png,0
formulaire036-equation014.png,0
TrainData2_18_sub_20.png,0
127_em_495.png,0
2009212-1031-50.png,0
formulaire005-equation006.png,0
MfrDB1199.png,0
200924-1312-238.png,0
200923-1254-104.png,0
formulaire021-equation065.png,0
rit_4295_1.png,0
2009212-952-82.png,0
KME2G3_4_sub_14.png,0
formulaire016-equation005.png,0
TrainData2_19_sub_11.png,0
200923-1556-142.png,0
504_em_46.png,0
UN_101_em_0.png,0
formulaire024-equation070.png,0
200923-131-33.png,0
121_em_329.png,0
128_em_520.png,0
TrainData2_9_sub_15.png,0
UN_134_em_1143.png,0
200925-1126-153.png,0
26_em_94.png,0
2009210-947-157.png,0
200926-1550-20.png,0
200923-1253-211.png,0
UN_458_em_778.png,0
MfrDB2818.png,0
formulaire029-equation011.png,0
26_em_83.png,0
128_em_516.png,0
200923-1254-295.png,0
formulaire032-equation037.png,0
UN_110_em_227.png,0
MfrDB1988.png,0
200923-1251-70.png,0
200923-1553-248.png,0
KME2G3_15_sub_26.png,0
MfrDB0945.png,0
200923-1556-80.png,0
formulaire023-equation055.png,0
KME2G3_27_sub_35.png,0
MfrDB2810.png,0
200922-1017-147.png,0
2009220-1327-2.png,0
formulaire022-equation018.png,0
TrainData2_0_sub_29.png,0
2009220-1327-45.png,0
200922-949-35.png,0
200926-1617-37.png,0
formulaire031-equation037.png,0
200922-1017-80.png,0
200922-947-173.png,0
124_daniel.png,0
MfrDB0742.png,0
90_Fabricio.png,0
formulaire031-equation009.png,0
KME2G3_3_sub_26.png,0
formulaire036-equation021.png,0
2009213-137-43.png,0
200923-1254-333.png,0
2009210-947-183.png,0
TrainData2_26_sub_95.png,0
formulaire024-equation032.png,0
200922-949-24.png,0
formulaire041-equation001.png,0
200922-947-176.png,0
200923-1251-264.png,0
formulaire005-equation063.png,0
200924-1331-110.png,0
MfrDB1883.png,0
KME2G3_3_sub_39.png,0
TrainData2_6_sub_63.png,0
200926-1617-129.png,0
MfrDB3137.png,0
MfrDB0042.png,0
KME2G3_27_sub_26.png,0
UN_453_em_650.png,0
200924-1312-151.png,0
MfrDB3015.png,0
117_caue.png,0
002-equation002.png,0
TrainData2_17_sub_88.png,0
formulaire014-equation017.png,0
formulaire030-equation057.png,0
MfrDB1822.png,0
MfrDB2122.png,0
26_em_97.png,0
formulaire025-equation055.png,0
200923-131-235.png,0
formulaire030-equation038.png,0
KME2G3_5_sub_38.png,0
MfrDB1586.png,0
UN_454_em_688.png,0
MfrDB2009.png,0
200925-1126-84.png,0
200924-1331-162.png,0
formulaire039-equation056.png,0
MfrDB0462.png,0
200923-1254-94.png,0
UN_120_em_431.png,0
200924-1331-133.png,0
UN_112_em_269.png,0
118_em_246.png,0
formulaire028-equation069.png,0
UN_102_em_25.png,0
200923-1254-72.png,0
90_daniel.png,0
UN_112_em_273.png,0
UN_122_em_489.png,0
KME2G3_29_sub_96.png,0
MfrDB1510.png,0
formulaire038-equation067.png,0
formulaire015-equation001.png,0
91_leo.png,0
UN_453_em_662.png,0
125_em_451.png,0
002-equation008.png,0
KME2G3_1_sub_39.png,0
UN_463_em_916.png,0
MfrDB2993.png,0
101_Frank.png,0
200922-947-209.png,0
200926-1617-43.png,0
formulaire010-equation042.png,0
93_Fabricio.png,0
MfrDB3166.png,0
TrainData2_9_sub_51.png,0
37_em_3.png,0
94_user0.png,0
2009213-137-0.png,0
MfrDB1960.png,0
101_alfonso.png,0
110_miguel.png,0
formulaire017-equation058.png,0
MfrDB0081.png,0
UN_459_em_807.png,0
2009213-137-135.png,0
94_bruno.png,0
103_em_11.png,0
76_danilo.png,0
UN_452_em_629.png,0
TrainData2_19_sub_98.png,0
118_em_218.png,0
200923-1556-123.png,0
UN_459_em_801.png,0
UN_125_em_567.png,0
formulaire038-equation043.png,0
515_em_351.png,0
2009210-947-233.png,0
MfrDB2882.png,0
200922-1017-144.png,0
2009213-139-141.png,0
2009212-1031-19.png,0
UN_121_em_453.png,0
KME1G3_2_sub_25.png,0
RIT_2014_105.png,0
126_jorge.png,0
200926-1617-122.png,0
200925-1126-37.png,0
502_em_24.png,0
2009212-952-4.png,0
TrainData2_12_sub_61.png,0
UN_108_em_186.png,0
28_em_131.png,0
MfrDB3508.png,0
UN_110_em_245.png,0
MfrDB2118.png,0
formulaire054-equation044.png,0
124_david.png,0
KME2G3_2_sub_14.png,0
UN_458_em_792.png,0
117_user0.png,0
127_em_483.png,0
MfrDB1248.png,0
124_em_397.png,0
2009220-1327-112.png,0
200923-1253-180.png,0
formulaire019-equation020.png,0
formulaire032-equation016.png,0
formulaire007-equation066.png,0
MfrDB1233.png,0
MfrDB1015.png,0
37_em_24.png,0
89_david.png,0
formulaire033-equation040.png,0
MfrDB2094.png,0
formulaire042-equation064.png,0
TrainData2_23_sub_63.png,0
200924-1312-155.png,0
MfrDB2125.png,0
formulaire013-equation003.png,0
512_em_289.png,0
200926-1550-54.png,0
200923-1553-115.png,0
MfrDB1228.png,0
KME2G3_8_sub_30.png,0
formulaire036-equation006.png,0
UN_461_em_862.png,0
formulaire038-equation016.png,0
200925-1126-136.png,0
formulaire003-equation046.png,0
200923-1251-194.png,0
formulaire034-equation053.png,0
200923-1253-84.png,0
UN_460_em_831.png,0
MfrDB2437.png,0
UN_105_em_105.png,0
formulaire056-equation021.png,0
formulaire035-equation013.png,0
2009220-1327-119.png,0
UN_455_em_723.png,0
formulaire025-equation041.png,0
MfrDB3532.png,0
formulaire034-equation008.png,0
65_carlos.png,0
120_em_286.png,0
formulaire037-equation018.png,0
200923-1254-65.png,0
200924-1331-247.png,0
formulaire009-equation066.png,0
form005-equation018.png,0
formulaire023-equation037.png,0
MfrDB2960.png,0
124_em_409.png,0
RIT_2014_26.png,0
formulaire014-equation012.png,0
106_em_91.png,0
formulaire020-equation049.png,0
TrainData2_16_sub_95.png,0
TrainData2_17_sub_63.png,0
formulaire026-equation037.png,0
formulaire012-equation008.png,0
118_rosario.png,0
200924-1312-283.png,0
31_em_183.png,0
200923-1556-260.png,0
formulaire022-equation058.png,0
2009210-947-119.png,0
118_em_224.png,0
200923-131-341.png,0
MfrDB1887.png,0
117_em_202.png,0
MfrDB2016.png,0
200923-1556-250.png,0
rit_4220_1.png,0
formulaire029-equation021.png,0
200923-1254-23.png,0
511_em_251.png,0
MfrDB2881.png,0
200923-1251-63.png,0
formulaire003-equation006.png,0
200923-1556-162.png,0
MfrDB1682.png,0
TrainData2_16_sub_98.png,0
formulaire018-equation034.png,0
200924-1312-302.png,0
200923-131-80.png,0
formulaire027-equation040.png,0
TrainData2_0_sub_46.png,0
formulaire020-equation069.png,0
UN_105_em_101.png,0
200922-947-98.png,0
formulaire024-equation071.png,0
118_hirata.png,0
200922-947-53.png,0
formulaire004-equation061.png,0
121_em_308.png,0
KME2G3_13_sub_96.png,0
37_em_15.png,0
UN_456_em_744.png,0
107_Nina.png,0
formulaire011-equation032.png,0
200924-1312-112.png,0
KME2G3_14_sub_30.png,0
KME2G3_1_sub_95.png,0
2009213-139-82.png,0
200923-1254-306.png,0
formulaire002-equation021.png,0
formulaire021-equation074.png,0
MfrDB1953.png,0
2009212-1031-81.png,0
rit_42150_1.png,0
127_fujita.png,0
200923-1254-303.png,0
200923-1251-185.png,0
formulaire014-equation006.png,0
formulaire026-equation008.png,0
UN_124_em_541.png,0
28_em_142.png,0
MfrDB3455.png,0
MfrDB3494.png,0
519_em_440.png,0
TrainData2_4_sub_20.png,0
formulaire007-equation032.png,0
UN_130_em_1054.png,0
formulaire029-equation038.png,0
MfrDB1909.png,0
UN_131_em_1083.png,0
27_em_122.png,0
200922-1017-61.png,0
122_em_333.png,0
formulaire020-equation043.png,0
UN_117_em_349.png,0
200923-1556-237.png,0
formulaire022-equation002.png,0
formulaire037-equation022.png,0
UN_126_em_577.png,0
formulaire011-equation042.png,0
KME1G3_11_sub_21.png,0
200923-1556-30.png,0
MfrDB3372.png,0
RIT_2014_258.png,0
formulaire030-equation033.png,0
121_em_310.png,0
RIT_2014_212.png,0
TrainData2_20_sub_17.png,0
MfrDB2143.png,0
UN_124_em_531.png,0
105_lucelia.png,0
RIT_2014_282.png,0
75_carlos.png,0
TrainData2_8_sub_9.png,0
UN_458_em_782.png,0
200923-1254-46.png,0
MfrDB1270.png,0
formulaire016-equation037.png,0
200923-131-19.png,0
MfrDB1099.png,0
200926-131-208.png,0
37_em_32.png,0
103_em_17.png,0
200922-1017-100.png,0
93_carlos.png,0
rit_4240_0.png,0
TrainData2_24_sub_39.png,0
UN_118_em_376.png,0
RIT_2014_51.png,0
200924-1312-224.png,0
formulaire021-equation026.png,0
UN_456_em_726.png,0
KME2G3_19_sub_74.png,0
2009220-1327-70.png,0
UN_125_em_545.png,0
117_em_208.png,0
200922-1017-12.png,0
200924-1331-37.png,0
MfrDB0525.png,0
KME2G3_12_sub_26.png,0
124_em_417.png,0
TrainData2_0_sub_15.png,0
formulaire036-equation029.png,0
95_miguel.png,0
200923-1556-258.png,0
UN_455_em_706.png,0
200922-1017-42.png,0
UN_104_em_75.png,0
200926-131-165.png,0
116_hirata.png,0
200923-1556-38.png,0
90_edwin.png,0
KME2G3_23_sub_95.png,0
MfrDB1889.png,0
formulaire012-equation024.png,0
formulaire046-equation023.png,0
200923-131-344.png,0
formulaire037-equation013.png,0
MfrDB3557.png,0
MfrDB1044.png,0
formulaire032-equation015.png,0
UN_127_em_585.png,0
UN_105_em_120.png,0
200924-1312-197.png,0
511_em_269.png,0
23_em_67.png,0
200925-1126-31.png,0
UN_118_em_371.png,0
KME2G3_7_sub_97.png,0
formulaire055-equation036.png,0
200924-1312-124.png,0
2009213-139-73.png,0
200923-1254-99.png,0
UN_462_em_883.png,0
200923-1253-22.png,0
32_em_223.png,0
519_em_462.png,0
MfrDB0333.png,0
MfrDB1254.png,0
formulaire048-equation034.png,0
200926-1550-119.png,0
KME1G3_7_sub_16.png,0
RIT_2014_20.png,0
MfrDB3845.png,0
form000-equation001.png,0
2009212-952-14.png,0
200923-1254-245.png,0
formulaire006-equation025.png,0
2009212-1031-93.png,0
MfrDB0157.png,0
115_em_140.png,0
200924-1331-100.png,0
formulaire030-equation011.png,0
126_em_476.png,0
formulaire019-equation025.png,0
200924-1312-209.png,0
519_em_456.png,0
TrainData2_11_sub_73.png,0
TrainData2_14_sub_6.png,0
MfrDB1782.png,0
formulaire017-equation016.png,0
MfrDB0948.png,0
KME1G3_3_sub_25.png,0
UN_126_em_580.png,0
RIT_2014_25.png,0
200922-947-55.png,0
KME1G3_1_sub_25.png,0
MfrDB2650.png,0
formulaire014-equation039.png,0
UN_452_em_625.png,0
TrainData2_17_sub_6.png,0
MfrDB3026.png,0
92_Frank.png,0
formulaire021-equation067.png,0
200923-1251-253.png,0
MfrDB2907.png,0
200923-1254-366.png,0
MfrDB3325.png,0
200926-1617-61.png,0
UN_133_em_1115.png,0
111_david.png,0
TrainData2_11_sub_98.png,0
rit_4260_2.png,0
200923-1254-124.png,0
122_em_360.png,0
KME2G3_4_sub_48.png,0
formulaire017-equation069.png,0
2009213-139-61.png,0
formulaire021-equation037.png,0
MfrDB3327.png,0
TrainData2_5_sub_1.png,0
MfrDB1287.png,0
TrainData2_17_sub_95.png,0
118_em_240.png,0
2009220-1327-51.png,0
2009210-947-105.png,0
UN_119_em_412.png,0
TrainData2_2_sub_88.png,0
TrainData2_24_sub_71.png,0
UN_455_em_711.png,0
formulaire036-equation005.png,0
200923-1254-302.png,0
formulaire034-equation016.png,0
TrainData2_23_sub_46.png,0
MfrDB1712.png,0
2009210-947-102.png,0
MfrDB2859.png,0
002-equation011.png,0
formulaire005-equation005.png,0
502_em_6.png,0
formulaire009-equation065.png,0
MfrDB2502.png,0
106_alfonso.png,0
crohme_f056-eq060.png,0
MfrDB2272.png,0
formulaire027-equation020.png,0
formulaire007-equation048.png,0
MfrDB1214.png,0
MfrDB3434.png,0
formulaire003-equation002.png,0
RIT_2014_42.png,0
formulaire042-equation068.png,0
KME2G3_3_sub_65.png,0
79_fujita.png,0
200923-1556-140.png,0
200923-1251-152.png,0
27_em_116.png,0
MfrDB2973.png,0
200925-1126-87.png,0
RIT_2014_263.png,0
formulaire031-equation067.png,0
formulaire036-equation041.png,0
123_em_365.png,0
UN_106_em_133.png,0
2009212-952-77.png,0
formulaire035-equation035.png,0
formulaire028-equation066.png,0
2009212-952-99.png,0
formulaire001-equation019.png,0
TrainData2_12_sub_13.png,0
rit_42180_0.png,0
35_em_13.png,0
formulaire027-equation026.png,0
formulaire016-equation031.png,0
MfrDB2822.png,0
formulaire009-equation058.png,0
formulaire002-equation058.png,0
200923-1251-220.png,0
